DATE,T2MDEW,T2M,RH2M,WS10M
2019/09/01,26.6,29.24,86.31,3.16
2019/09/02,25.79,28.65,85.19,3.55
2019/09/03,26.28,28.43,88.44,4.48
2019/09/04,26.44,28.53,88.81,4.05
2019/09/05,26.3,28.36,88.94,4.12
2019/09/06,26.23,28.4,88.31,4.39
2019/09/07,26.18,28.16,89.19,5.92
2019/09/08,26.15,28.14,89.12,5.42
2019/09/10,26.69,28.01,92.44,4.71
2019/09/11,26.62,28.01,92.19,5.44
2019/09/12,25.8,27.4,91.06,7.48
2019/09/13,25.86,27.38,91.44,4.52
2019/09/14,25.71,27.73,89.06,2.9
2019/09/15,26.0,28.05,88.81,2.55
2019/09/16,25.78,27.99,88.06,2.3
2019/09/17,25.68,29.0,83.06,1.68
2019/09/18,25.51,29.57,79.75,1.68
2019/09/19,26.32,29.17,85.0,1.98
2019/09/20,25.81,28.83,84.12,1.73
2019/09/21,25.52,29.06,81.88,1.31
2019/09/22,25.37,29.11,81.38,1.63
2019/09/23,24.95,28.32,82.75,1.53
2019/09/24,25.3,27.47,88.12,2.25
2019/09/27,24.29,27.03,85.56,2.48
2019/09/28,24.09,27.16,83.94,1.78
2019/09/29,24.03,27.19,82.94,1.88
2019/09/30,24.25,27.1,84.56,2.46
2019/10/01,24.5,26.4,89.31,2.88
2019/10/02,24.75,26.73,89.12,3.57
2019/10/03,25.0,27.25,87.88,2.98
2019/10/04,24.53,27.29,85.19,1.84
2019/10/05,24.65,27.8,83.31,1.59
2019/10/06,24.28,27.82,81.62,1.46
2019/10/07,24.26,27.0,85.0,1.4
2019/10/08,23.75,27.15,81.88,1.0
2019/10/09,23.26,27.12,79.75,1.07
2019/10/10,24.08,25.96,89.31,3.04
2019/10/11,24.32,26.33,88.88,3.23
2019/10/12,23.76,27.13,82.31,1.64
2019/10/13,23.42,26.8,82.56,2.45
2019/10/14,22.94,26.75,80.62,2.31
2019/10/15,23.9,26.96,83.81,1.72
2019/10/16,23.9,28.25,78.12,0.98
2019/10/17,23.98,28.34,77.81,1.85
2019/10/18,24.48,28.18,81.06,2.0
2019/10/19,24.55,27.97,82.31,1.81
2019/10/20,24.36,27.71,82.94,2.26
2019/10/21,24.39,27.42,84.19,1.91
2019/10/22,23.96,27.55,81.31,1.46
2019/10/23,24.16,27.44,82.56,1.55
2019/10/24,23.89,26.5,86.0,3.13
2019/10/25,24.62,27.08,86.81,2.67
2019/10/26,25.03,27.26,87.81,2.57
2019/10/27,23.73,26.92,82.94,1.2
2019/10/28,23.51,26.59,83.81,1.95
2019/10/29,22.9,26.01,83.5,2.21
2019/10/30,22.0,25.69,80.69,1.77
2019/10/31,21.12,26.23,73.88,1.62
2019/11/01,21.12,25.33,78.69,2.16
2019/11/02,21.73,26.26,77.06,1.6
2019/11/03,21.79,26.22,77.5,1.65
2019/11/04,21.97,26.79,75.25,1.29
2019/11/05,21.77,26.49,75.94,1.23
2019/11/06,21.19,26.02,75.62,1.88
2019/11/07,21.26,26.08,75.56,1.59
2019/11/08,23.0,25.83,84.44,2.03
2019/11/09,23.62,25.91,87.75,4.03
2019/11/10,23.5,24.85,92.19,5.82
2019/11/11,23.91,25.59,90.56,3.99
2019/11/12,22.23,25.47,83.12,2.09
2019/11/13,21.6,24.54,84.56,2.35
2019/11/14,22.22,25.48,83.06,1.84
2019/11/15,21.32,25.15,80.12,1.96
2019/11/16,19.32,23.97,76.5,2.03
2019/11/17,18.17,23.36,72.94,1.67
2019/11/18,19.04,23.06,79.19,1.97
2019/11/19,18.49,22.8,78.0,1.95
2019/11/20,18.06,22.18,78.5,2.33
2019/11/21,17.31,22.15,75.62,1.8
2019/11/22,17.41,22.21,75.19,1.61
2019/11/23,17.52,22.34,75.25,1.7
2019/11/24,17.72,21.8,78.75,2.01
2019/11/25,17.57,22.73,74.62,1.41
2019/11/26,18.4,23.57,74.19,1.36
2019/11/27,17.38,23.97,67.94,1.39
2019/11/28,18.69,24.07,72.81,1.51
2019/11/29,19.29,23.9,76.19,1.14
2019/11/30,18.76,23.41,76.0,1.23
2019/12/01,18.5,21.98,81.44,2.28
2019/12/03,15.9,19.85,79.31,2.39
2019/12/04,15.87,19.38,81.56,2.85
2019/12/05,16.62,21.84,74.44,1.41
2019/12/06,15.87,23.02,65.5,1.16
2019/12/07,16.6,22.56,70.0,1.68
2019/12/08,16.94,22.81,71.0,1.11
2019/12/09,16.87,22.19,73.12,1.1
2019/12/10,15.99,21.43,72.12,1.27
2019/12/11,14.23,21.33,64.69,0.88
2019/12/12,14.16,19.89,70.81,2.06
2019/12/13,14.26,20.36,69.88,1.45
2019/12/14,14.36,21.0,67.69,1.55
2019/12/15,15.47,20.38,74.06,2.31
2019/12/16,16.78,20.18,82.12,2.35
2019/12/17,16.96,19.94,84.12,2.38
2019/12/18,16.08,18.37,87.31,3.44
2019/12/19,14.65,16.74,87.19,2.77
2019/12/20,13.15,16.48,81.12,2.39
2019/12/21,13.27,16.74,80.94,2.04
2019/12/22,13.53,16.41,84.31,2.8
2019/12/23,14.91,17.19,86.88,3.02
2019/12/24,14.43,17.29,83.94,3.08
2019/12/25,13.32,16.39,82.62,2.76
2019/12/26,14.44,18.3,80.19,2.33
2019/12/27,15.4,17.34,89.06,2.72
2019/12/28,13.87,16.65,84.5,3.13
2019/12/29,13.79,17.43,80.06,1.83
2019/12/30,15.24,18.38,82.5,1.74
2019/12/31,16.17,20.27,78.19,1.46
2020/01/01,16.7,21.71,74.25,1.46
2020/01/02,17.64,21.39,80.0,1.85
2020/01/03,18.05,19.89,89.44,2.08
2020/01/04,15.84,18.17,86.38,1.84
2020/01/05,16.29,18.72,86.19,2.15
2020/01/06,14.18,17.11,84.19,3.26
2020/01/07,12.82,16.07,81.94,2.38
2020/01/08,14.15,17.3,83.31,2.43
2020/01/09,15.17,18.91,80.19,1.38
2020/01/10,15.77,18.31,85.81,2.84
2020/01/11,13.54,16.1,85.5,2.88
2020/01/12,13.67,16.2,85.56,2.65
2020/01/13,13.87,16.76,83.62,1.89
2020/01/14,14.16,17.08,83.25,1.84
2020/01/15,14.71,17.69,83.81,2.15
2020/01/16,15.16,19.17,79.5,2.24
2020/01/17,14.8,20.02,74.06,1.95
2020/01/18,13.61,20.37,65.62,2.04
2020/01/19,15.25,19.76,76.0,2.27
2020/01/20,16.49,18.63,87.75,2.56
2020/01/21,13.28,17.02,80.38,2.95
2020/01/22,12.06,15.86,79.69,3.02
2020/01/23,12.7,17.56,74.44,2.21
2020/01/24,12.73,17.84,73.31,2.68
2020/01/25,10.81,16.37,71.12,2.61
2020/01/26,11.57,16.23,75.88,1.89
2020/01/27,11.42,16.22,74.75,2.35
2020/01/28,12.16,17.26,73.38,2.45
2020/01/29,12.66,18.69,68.5,1.52
2020/01/30,15.35,18.85,81.0,2.05
2021/12/13,16.05,19.16,83.12,2.76
2021/12/14,17.25,19.79,85.94,2.41
2021/12/15,16.37,19.26,84.06,2.48
2021/12/16,16.12,18.89,84.94,2.91
2021/12/17,16.22,18.93,85.38,2.89
2021/12/18,16.38,19.53,83.31,2.56
2021/12/19,15.34,18.29,84.06,3.34
2021/12/20,14.16,17.09,83.56,2.98
2021/12/21,14.23,17.33,82.56,2.2
2021/12/22,13.42,18.4,72.88,2.08
2021/12/23,13.8,19.09,71.75,1.42
2021/12/24,15.42,18.8,81.44,2.27
2021/12/25,14.67,19.42,76.06,1.52
2021/12/26,14.3,18.99,75.25,2.07
2021/12/27,14.1,18.37,78.19,2.19
2021/12/28,13.76,18.33,76.69,2.33
2021/12/29,13.17,18.62,71.88,1.86
2021/12/30,12.83,19.96,65.69,1.92
2022/06/01,24.98,27.62,85.94,4.27
2022/06/02,25.27,27.97,85.75,4.46
2022/06/03,25.97,28.23,87.69,4.68
2022/06/04,26.23,27.8,91.12,3.81
2022/06/05,25.91,28.4,86.88,3.47
2022/06/06,25.97,28.43,87.0,3.85
2022/06/07,26.16,28.57,87.31,3.8
2022/06/08,26.13,28.49,87.5,3.82
2022/06/09,26.06,28.27,88.06,5.11
2022/06/10,25.62,28.25,86.12,2.73
2022/06/11,25.5,28.04,86.62,4.12
2022/06/12,26.08,28.35,87.81,4.78
2022/06/13,26.3,28.61,87.62,4.56
2022/06/16,25.53,27.37,89.75,4.7
2022/06/17,25.59,26.94,92.25,4.95
2022/06/19,25.33,27.11,90.06,4.82
2022/06/20,24.77,26.48,90.31,4.92
2022/06/21,25.65,27.35,90.5,4.47
2022/06/22,24.75,27.26,86.38,3.08
2022/06/23,25.23,27.22,89.0,4.09
2022/06/24,25.5,27.65,88.38,4.82
2022/06/25,25.48,27.59,88.44,4.66
2022/06/27,25.76,28.12,87.25,3.12
2022/06/28,25.8,27.99,88.12,4.05
2022/06/29,25.71,28.23,86.56,4.31
2022/06/30,26.02,27.79,90.25,3.52
2022/07/01,26.2,27.69,91.62,3.23
2022/07/02,26.02,28.19,88.25,3.86
2022/07/03,25.54,27.75,87.94,4.07
2022/07/04,25.4,27.36,89.19,3.16
2022/07/06,25.93,28.31,87.31,2.71
2022/07/07,25.42,28.05,86.12,3.88
2022/07/09,25.33,28.35,84.31,3.49
2022/07/10,25.53,28.01,86.69,5.02
2022/07/11,25.37,27.87,86.62,4.8
2022/07/12,26.04,28.76,85.81,4.27
2022/07/13,26.27,28.94,86.0,4.14
2022/07/14,26.23,28.65,86.94,4.77
2022/07/15,26.03,28.86,85.25,4.18
2022/07/16,26.12,28.99,85.06,4.74
2022/07/17,26.17,28.7,86.56,5.08
2022/07/18,26.12,28.8,85.69,4.47
2022/07/19,26.15,28.8,86.0,4.26
2022/07/20,26.23,28.59,87.31,4.19
2022/07/21,25.65,28.37,85.75,3.96
2022/07/22,26.05,28.36,87.56,3.84
2022/07/23,25.75,27.75,88.94,4.05
2022/07/24,25.51,27.65,88.25,3.55
2022/07/26,23.72,28.44,76.0,1.78
2022/07/28,25.89,28.71,85.06,2.32
2022/07/29,25.46,29.09,81.56,2.26
2022/07/30,25.52,29.44,80.19,2.16
2022/07/31,26.1,28.86,85.31,2.73
2022/08/01,26.35,28.98,86.0,2.6
2022/08/02,25.59,29.36,80.88,1.95
2022/08/03,25.68,28.19,86.44,2.38
2022/08/04,26.05,29.15,83.88,2.7
2022/08/05,25.79,28.68,85.0,2.51
2022/08/06,26.16,28.83,85.94,3.1
2022/08/07,26.08,29.16,84.12,2.86
2022/08/10,25.77,27.1,92.38,5.55
2022/08/11,25.76,27.83,88.75,5.59
2022/08/12,25.71,28.17,86.88,3.56
2022/08/13,25.83,27.49,90.75,5.09
2022/08/14,25.38,26.96,91.12,6.05
2022/08/15,25.69,27.89,88.19,3.96
2022/08/16,25.7,28.62,84.69,2.27
2022/08/17,26.46,29.18,85.69,2.16
2022/08/18,26.4,29.44,84.69,3.73
2022/08/19,25.56,27.94,87.38,5.68
2022/08/20,25.49,27.97,86.81,4.57
2022/08/21,25.55,27.77,87.94,3.18
2022/08/22,25.74,28.63,84.81,2.28
2022/08/23,25.23,27.77,86.25,4.11
2022/08/25,25.09,28.68,81.44,1.93
2022/08/26,25.36,27.72,87.19,2.52
2022/08/27,25.01,27.4,86.94,3.43
2022/08/28,24.72,27.51,85.06,3.55
2022/08/29,25.07,28.5,82.25,2.27
2022/08/30,25.47,29.15,81.06,1.59
2022/08/31,26.05,28.49,86.88,2.2
2022/09/01,25.81,28.72,84.81,1.88
2022/09/02,25.48,28.24,85.25,2.26
2022/09/03,25.69,28.73,83.81,2.7
2022/09/04,26.51,29.09,86.19,3.66
2022/09/05,26.51,28.93,87.0,3.2
2022/09/06,26.48,29.07,86.31,2.65
2022/09/07,26.31,29.15,85.0,1.87
2022/09/08,26.33,30.01,81.81,2.67
2022/09/09,26.16,28.48,87.5,1.9
2022/09/10,25.75,27.62,89.62,3.65
2022/09/11,25.45,27.17,90.5,4.89
2022/09/12,25.48,26.77,92.69,5.06
2022/09/13,25.84,27.47,90.81,4.43
2022/09/14,24.85,27.36,86.44,3.37
2022/09/15,25.3,27.79,86.56,3.57
2022/09/16,25.77,28.01,87.88,2.81
2022/09/17,25.4,28.21,85.25,2.34
2022/09/18,25.64,28.14,86.56,2.56
2022/09/19,25.85,28.06,88.0,3.84
2022/09/20,25.34,27.48,88.44,4.8
2022/09/21,25.42,27.58,88.31,4.08
2022/09/22,25.51,28.01,86.69,2.85
2022/09/23,25.05,27.96,84.44,2.09
2022/09/24,24.51,27.98,81.69,1.39
2022/09/25,24.94,27.94,83.88,1.85
2022/09/26,24.24,26.9,85.5,1.65
2022/09/27,24.24,28.12,79.88,1.61
2022/09/28,25.22,28.52,82.81,1.55
2022/09/29,25.73,29.07,82.94,1.98
2022/09/30,25.46,28.37,84.88,2.13
2022/10/01,25.74,28.48,85.56,1.89
2022/10/02,25.76,27.96,88.06,2.91
2022/10/03,25.95,28.01,88.88,4.28
2022/10/04,25.26,27.93,85.81,2.53
2022/10/05,25.01,28.28,83.19,2.34
2022/10/06,24.6,28.56,79.75,1.68
2022/10/07,24.4,28.33,80.12,2.42
2022/10/08,24.44,28.71,78.44,1.49
2022/10/09,25.18,28.39,83.12,1.9
2022/10/10,24.76,27.51,85.25,1.59
2022/10/11,25.08,27.6,86.31,2.46
2022/10/12,24.53,27.29,85.06,1.99
2022/10/13,23.14,28.41,73.5,0.95
2022/10/14,23.73,27.7,79.38,2.26
2022/10/15,24.84,27.5,86.12,2.93
2022/10/16,24.82,28.26,82.88,2.16
2022/10/17,24.76,27.69,84.5,1.33
2022/10/18,23.27,28.3,74.56,1.31
2022/10/19,23.28,28.02,75.88,1.84
2022/10/20,23.4,28.25,76.12,2.04
2022/10/21,24.21,28.19,80.38,2.3
2022/10/22,23.02,28.82,73.06,1.53
2022/10/23,23.26,26.41,83.06,2.24
2022/10/24,24.24,25.84,90.88,6.38
2022/10/25,23.09,25.72,85.56,5.31
2022/10/26,21.44,24.44,84.56,3.04
2022/10/27,21.03,23.98,85.0,3.25
2022/10/28,19.89,24.48,77.38,2.42
2022/10/29,21.39,25.44,78.94,2.05
2022/10/30,23.26,26.7,82.25,1.6
2022/10/31,24.08,26.92,85.19,2.16
2022/11/01,23.87,27.34,82.5,2.21
2022/11/02,22.74,26.83,79.5,2.07
2022/11/03,22.46,25.82,82.38,1.92
2022/11/04,22.22,25.51,82.69,2.34
2022/11/05,21.63,26.08,77.19,1.65
2022/11/06,21.63,26.12,77.12,1.46
2022/11/07,20.48,25.44,75.25,1.69
2022/11/08,19.41,24.8,73.25,1.45
2022/11/09,18.8,25.09,69.31,1.34
2022/11/10,18.22,24.83,67.88,1.37
2022/11/11,18.41,24.81,68.5,1.18
2022/11/12,19.11,23.22,78.94,2.53
2022/11/13,19.04,21.87,85.12,3.29
2022/11/14,19.05,22.79,80.69,2.39
2022/11/15,17.98,23.12,74.56,1.69
2022/11/16,17.26,22.54,73.12,1.91
2022/11/17,17.58,21.74,78.94,2.95
2022/11/18,17.22,21.01,80.62,3.44
2022/11/19,18.56,22.19,81.44,2.61
2022/11/20,20.37,24.42,79.12,2.12
2022/11/21,20.92,24.27,82.38,2.42
2022/11/22,19.25,22.69,82.19,2.82
2022/11/23,18.23,21.27,83.75,2.74
2022/11/24,17.89,21.1,82.56,2.79
2022/11/25,18.92,22.65,80.88,1.98
2022/11/26,20.04,23.7,80.81,1.61
2022/11/27,19.97,23.3,82.38,1.51
2022/11/28,21.3,24.23,84.25,1.91
2022/11/29,22.59,25.72,83.69,1.58
2022/11/30,22.48,25.15,85.75,1.96
2022/12/01,20.72,24.19,82.06,2.4
2022/12/02,19.07,22.0,84.62,2.64
2022/12/03,18.05,21.11,83.12,2.61
2022/12/04,17.66,21.08,82.19,2.28
2022/12/05,18.12,20.85,85.06,2.82
2022/12/06,17.09,21.0,79.56,2.15
2022/12/07,15.66,20.67,74.25,2.11
2022/12/08,15.33,20.52,73.88,1.87
2022/12/09,14.34,20.3,69.75,2.01
2022/12/10,16.74,20.65,79.25,2.17
2022/12/11,16.79,20.35,81.75,2.24
2022/12/12,16.01,19.69,81.06,2.82
2022/12/13,16.07,19.28,83.44,2.63
2022/12/14,16.58,19.67,83.94,2.59
2022/12/15,15.33,18.96,81.06,2.61
2022/12/16,15.83,18.26,86.31,3.0
2022/12/17,15.78,19.12,81.69,2.12
2022/12/18,15.65,20.51,74.25,1.34
2022/12/19,16.82,21.08,77.69,2.07
2022/12/20,15.9,20.37,77.06,1.63
2022/12/21,15.34,19.69,77.31,2.05
2022/12/22,15.37,19.55,78.5,1.85
2022/12/23,15.46,18.87,82.0,2.81
2022/12/24,13.93,18.69,75.88,1.96
2022/12/25,14.33,19.87,71.81,1.86
2022/12/26,15.69,21.01,72.31,1.34
2022/12/27,17.94,21.19,82.25,2.27
2022/12/28,18.9,21.0,87.88,2.21
2022/12/29,15.54,19.23,80.56,2.56
2022/12/30,12.27,17.31,74.75,2.31
2022/12/31,12.67,17.4,75.69,2.32
2023/01/01,12.93,17.44,76.56,2.89
2023/01/02,12.54,17.37,75.94,2.73
2023/01/03,12.56,16.93,77.62,3.04
2023/01/04,12.91,16.39,81.88,2.86
2023/01/05,13.84,16.69,84.56,3.12
2023/01/06,14.32,17.06,84.62,2.84
2023/01/07,15.28,17.75,85.81,2.48
2023/01/08,16.2,19.25,83.62,1.69
2023/01/09,15.87,19.77,79.69,2.69
2023/01/10,15.19,20.3,73.62,2.2
2023/01/11,13.6,18.67,73.88,2.48
2023/01/12,11.79,17.83,69.62,1.75
2023/01/13,11.6,18.16,67.88,1.88
2023/01/14,13.15,18.99,69.69,1.68
2023/01/15,14.2,19.18,73.44,2.37
2023/01/16,13.14,18.13,74.19,3.15
2023/01/17,12.07,17.28,73.44,3.28
2023/01/18,11.21,16.56,72.75,3.15
2023/01/19,10.93,16.01,74.06,3.18
2023/01/20,9.89,16.2,68.62,2.65
2023/01/21,10.13,17.34,64.5,2.58
2023/01/22,11.46,18.15,66.31,2.8
2023/01/23,13.25,18.83,71.81,2.7
2023/01/24,13.58,19.85,68.56,2.69
2023/01/25,14.07,20.34,68.56,2.48
2023/01/26,15.16,20.43,73.19,2.48
2023/01/27,16.55,20.8,78.19,2.92
2023/01/28,16.6,20.61,79.81,3.2
2023/01/29,15.07,20.62,73.25,2.92
2023/01/30,14.73,20.83,69.06,2.23
2023/01/31,15.62,21.35,71.62,2.02
2023/02/01,15.98,21.14,73.94,2.98
2023/02/02,12.33,20.27,63.19,4.11
2023/02/03,10.54,18.6,61.12,3.19
2023/02/05,12.61,19.65,66.19,2.58
2023/02/09,15.9,21.75,71.44,2.1
2023/02/10,15.14,21.52,68.56,2.37
2023/02/11,13.43,21.77,62.0,2.21
2023/02/12,14.73,22.04,64.06,1.91
2023/02/13,11.43,21.4,57.44,2.51
2023/02/14,8.25,19.59,50.19,3.24
2023/02/15,9.19,20.22,51.06,2.51
2023/02/17,12.76,21.73,58.69,1.77
2023/02/18,14.03,22.51,59.94,2.1
2023/02/19,15.78,22.85,65.81,2.36
2023/02/21,18.85,23.28,78.12,2.49
2023/02/22,19.96,23.17,83.31,3.4
2023/02/23,19.87,23.31,82.31,3.48
2023/02/24,18.73,24.37,73.25,2.27
2023/02/25,15.59,24.91,58.94,2.62
2023/02/26,12.78,25.06,48.56,2.67
2023/02/27,12.53,25.37,46.06,2.11
2023/02/28,14.32,25.03,53.19,1.87
2023/03/01,13.4,24.64,53.25,2.95
2023/03/02,13.22,24.71,51.25,3.06
2023/03/03,13.27,25.19,50.38,3.11
2023/03/04,13.07,26.23,46.25,3.16
2023/03/05,14.24,26.35,49.12,2.13
2023/03/06,18.15,26.2,64.88,2.34
2023/03/07,16.21,26.99,56.06,1.71
2023/03/08,13.05,26.33,45.81,3.07
2023/03/09,13.81,26.42,47.25,3.61
2023/03/10,13.57,25.5,49.0,3.12
2023/03/11,14.44,25.91,50.31,3.23
2023/03/12,13.76,27.09,46.31,3.4
2023/03/13,13.57,27.26,45.19,2.79
2023/03/14,19.4,25.52,71.0,2.32
2023/03/15,19.12,25.73,69.75,3.05
2023/03/16,18.65,24.99,70.06,2.84
2023/03/17,16.65,25.84,59.62,2.38
2023/03/18,17.33,25.76,61.62,2.51
2023/03/19,18.28,24.35,70.56,2.17
2023/03/20,19.73,23.45,79.81,3.34
2023/03/21,20.53,23.73,82.5,2.83
2023/03/22,20.01,24.14,78.44,2.25
2023/03/23,19.45,23.99,77.12,2.76
2023/03/24,18.5,25.51,67.12,1.83
2023/03/25,19.09,26.29,66.12,1.83
2023/03/26,20.39,26.82,69.88,2.12
2023/03/27,20.81,26.67,73.12,2.48
2023/03/28,21.83,26.55,76.81,2.62
2023/03/29,21.58,26.83,75.0,2.3
2023/03/30,21.13,26.34,74.62,2.1
2023/03/31,21.9,25.62,81.19,2.4
2023/04/01,22.41,25.56,83.12,2.27
2023/04/02,21.39,25.26,79.88,3.1
2023/04/03,21.65,25.54,80.56,3.28
2023/04/04,22.35,26.3,80.81,3.34
2023/04/05,23.35,26.55,83.88,3.38
2023/04/06,22.42,27.3,76.44,1.7
2023/04/07,19.5,27.87,61.75,1.71
2023/04/08,19.02,28.15,59.0,2.05
2023/04/09,19.45,28.69,58.62,1.66
2023/04/10,20.37,28.64,63.69,2.09
2023/04/11,21.98,29.17,69.38,1.91
2023/04/12,21.83,29.22,68.94,2.3
2023/04/13,22.01,29.19,70.0,2.27
2023/04/14,20.98,29.85,62.69,2.17
2023/04/15,21.65,30.75,61.0,2.12
2023/04/16,23.34,29.75,70.75,2.45
2023/04/17,24.5,28.54,80.19,2.94
2023/04/18,24.84,28.74,80.88,3.05
2023/04/19,24.73,28.85,80.25,3.36
2023/04/20,24.45,28.44,80.56,3.83
2023/04/21,24.05,28.64,78.25,3.85
2023/04/22,22.83,28.49,73.94,3.03
2023/04/23,21.58,29.05,65.69,1.85
2023/04/24,20.46,29.45,60.06,2.16
2023/04/25,19.94,29.4,58.94,2.35
2023/04/26,20.03,29.93,57.69,2.27
2023/04/27,21.16,29.91,62.12,2.58
2023/04/28,21.87,29.32,66.31,2.45
2023/04/29,21.99,30.41,63.12,2.34
2023/04/30,21.82,29.9,63.62,1.57
2023/05/01,21.84,30.58,61.38,2.56
2023/05/02,20.53,29.83,59.0,2.52
2023/05/03,21.25,29.87,61.56,2.13
2023/05/04,20.94,29.69,61.0,2.27
2023/05/05,21.65,29.44,63.75,2.13
2023/05/06,22.9,30.18,66.56,1.98
2023/05/07,21.8,31.23,59.81,2.31
2023/05/08,20.14,32.44,50.38,2.19
2023/05/09,22.81,32.24,60.31,3.31
2023/05/10,24.19,31.41,68.0,3.84
2023/05/11,23.3,31.31,65.75,3.11
2023/05/12,23.44,30.38,67.94,2.53
2023/05/14,20.98,27.37,69.12,8.67
2023/05/15,20.67,28.11,65.31,3.48
2023/05/16,24.82,28.61,80.81,4.4
2023/05/17,25.03,27.51,86.81,3.18
2023/05/18,25.07,27.32,87.81,3.26
2023/05/19,24.48,27.4,84.69,2.8
2023/05/20,24.87,27.62,85.44,3.16
2023/05/21,24.24,27.75,82.31,3.05
2023/05/22,24.87,27.81,84.62,2.91
2023/05/23,25.19,27.79,86.31,2.61
2023/05/24,23.99,26.9,84.75,3.08
2023/05/25,24.62,27.04,86.94,2.84
2023/05/26,25.04,27.74,85.69,2.86
2023/05/27,24.65,27.92,83.0,2.86
2023/05/28,23.87,29.05,74.38,1.63
2023/05/29,24.45,30.14,72.38,1.8
2023/05/30,25.18,30.01,76.5,2.09
2023/05/31,26.23,29.85,81.88,2.0
2023/06/01,26.1,29.04,84.62,2.84
2023/06/02,26.02,28.99,84.62,2.91
2023/06/03,26.26,28.8,86.62,2.8
2023/06/04,25.87,28.95,84.06,2.34
2023/06/05,25.55,30.28,77.0,1.73
2023/06/06,23.61,29.29,73.38,2.2
2023/06/07,24.53,30.1,73.31,1.78
2023/06/08,26.07,29.28,83.38,2.12
2023/06/09,24.69,29.33,77.19,2.68
2023/06/10,25.62,28.64,84.06,3.52
2023/06/11,25.72,28.63,84.56,4.62
2023/06/12,26.37,28.55,88.25,4.14
2023/06/13,26.32,28.54,88.0,4.46
2023/06/14,26.27,28.59,87.44,6.2
2023/06/15,26.61,28.52,89.5,6.62
2023/06/16,26.69,28.25,91.25,5.52
2023/06/17,26.73,28.44,90.62,4.86
2023/06/18,26.43,28.13,90.69,4.14
2023/06/19,26.51,28.19,90.69,3.98
2023/06/20,26.28,28.45,88.38,3.59
2023/06/21,26.11,28.37,87.75,4.95
2023/06/22,25.53,27.62,88.44,5.16
2023/06/23,25.99,27.58,91.12,5.05
2023/06/24,25.55,27.04,91.56,5.46
2023/06/25,25.41,27.65,87.94,5.16
2023/06/26,25.39,27.35,89.25,5.17
2023/06/27,25.78,27.8,89.0,6.13
2023/06/28,26.08,27.8,90.5,5.0
2023/06/29,26.23,28.33,88.56,4.02
2023/06/30,26.47,28.76,87.75,3.44
2023/07/01,26.44,28.71,87.75,2.75
2023/07/02,26.65,28.92,87.81,3.27
2023/07/03,26.71,29.23,86.69,3.88
2023/07/04,26.09,29.08,84.38,2.63
2023/07/05,26.42,28.93,86.75,4.27
2023/07/06,26.48,28.65,88.31,5.97
2023/07/07,26.54,28.46,89.5,5.05
2023/07/08,26.27,28.64,87.44,4.01
2023/07/09,26.42,28.55,88.5,3.59
2023/07/10,26.42,28.65,88.0,4.41
2023/07/11,25.84,28.12,87.69,4.97
2023/07/12,26.04,28.13,88.62,4.55
2023/07/13,26.5,28.28,90.19,4.32
2023/07/14,26.67,28.01,92.38,6.06
2023/07/15,25.71,28.34,86.06,6.48
2023/07/16,26.19,28.37,88.31,5.46
2023/07/17,26.06,28.22,88.31,3.34
2023/07/18,26.15,28.51,87.38,3.66
2023/07/19,26.45,28.77,87.62,4.16
2023/07/20,26.61,28.87,88.0,3.64
2023/07/21,26.4,29.15,86.12,3.29
2023/07/22,26.33,29.09,85.69,3.12
2023/07/23,26.5,29.01,86.62,2.84
2023/07/25,26.47,29.26,85.38,3.32
2023/07/26,26.52,28.9,87.38,4.2
2023/07/27,26.5,28.93,87.12,4.63
2023/07/28,26.32,28.8,86.75,4.87
2023/07/29,26.54,29.19,86.12,3.84
2023/07/30,26.01,30.28,78.81,1.55
2023/07/31,26.44,30.3,80.62,2.27
2023/08/01,26.53,29.14,86.19,6.95
2023/08/02,26.55,28.43,89.69,6.23
2023/08/03,26.26,28.48,88.0,5.66
2023/08/04,26.48,28.11,90.88,5.1
2023/08/05,26.26,28.11,89.69,5.27
2023/08/06,26.33,28.18,89.81,5.61
2023/08/07,26.76,28.12,92.31,6.41
2023/08/08,26.3,27.57,92.75,4.55
2023/08/09,26.07,28.22,88.25,3.09
2023/08/10,25.11,27.44,87.25,3.55
2023/08/11,25.13,27.44,87.38,3.53
2023/08/12,25.07,26.85,90.0,4.37
2023/08/13,26.15,27.83,90.75,3.27
2023/08/14,24.65,28.26,81.75,1.87
2023/08/15,25.86,28.33,86.69,2.66
2023/08/16,26.26,28.45,88.25,2.46
2023/08/17,26.3,28.37,88.81,3.22
2023/08/18,25.86,28.23,87.25,4.01
2023/08/19,25.95,28.13,88.25,3.7
2023/08/20,26.14,28.42,87.69,2.84
2023/08/21,25.48,27.9,86.94,2.12
2023/08/22,25.93,27.62,90.56,3.26
2023/08/23,25.89,27.36,91.69,4.05
2023/08/24,26.65,28.03,92.25,5.33
2023/08/25,26.24,27.94,90.62,5.69
2023/08/26,26.15,28.09,89.38,5.02
2023/08/27,26.43,28.13,90.62,4.05
2023/08/28,26.28,28.5,88.12,2.73
2023/08/29,25.61,29.4,81.12,1.67
2023/08/30,26.26,28.92,86.12,2.26
2023/08/31,26.31,28.65,87.5,2.61
2023/09/01,26.11,28.42,87.5,2.16
2023/09/02,25.98,29.62,81.56,1.2
2023/09/03,25.85,27.82,89.06,2.38
2023/09/04,25.21,29.48,79.12,1.65
2023/09/05,26.15,29.69,81.88,1.86
2023/09/06,26.54,28.44,89.69,2.74
2023/09/07,25.84,27.43,91.19,3.99
2023/09/08,26.2,27.58,92.19,4.33
2023/09/09,25.72,28.39,86.0,2.38
2023/09/10,25.69,28.95,82.88,1.95
2023/09/11,26.19,28.03,89.75,2.71
2023/09/12,25.88,28.37,86.62,2.48
2023/09/13,25.9,28.16,87.81,4.23
2023/09/14,26.01,27.8,90.12,4.33
2023/09/15,25.7,27.65,89.31,3.61
2023/09/16,25.56,29.07,82.31,1.98
2023/09/17,26.25,29.44,83.5,1.85
2023/09/18,25.92,28.09,88.19,2.49
2023/09/19,26.19,28.25,88.75,4.12
2023/09/20,26.13,27.75,91.0,5.03
2023/09/21,26.06,27.93,89.81,3.96
2023/09/22,25.93,27.93,89.12,3.36
2023/09/23,25.75,28.26,86.62,2.51
2023/09/24,25.08,28.08,84.31,2.39
2023/09/25,25.65,28.47,85.19,2.1
2023/09/26,25.7,28.97,82.94,1.62
2023/09/27,25.8,28.59,85.31,2.16
2023/09/28,26.37,29.39,84.5,2.24
2023/09/29,26.61,29.19,86.25,1.62
2023/09/30,26.23,28.45,87.94,3.78
2023/10/01,25.98,28.04,88.75,2.91
2023/10/02,25.88,27.92,88.94,4.34
2023/10/03,25.64,27.48,89.94,4.55
2023/10/04,25.5,27.32,90.06,4.25
2023/10/05,26.15,27.67,91.56,4.36
2023/10/06,26.37,27.83,91.75,4.51
2023/10/07,25.55,27.91,87.31,2.8
2023/10/08,25.34,27.92,86.06,3.01
2023/10/09,25.7,28.05,87.25,2.34
2023/10/10,25.08,29.12,79.38,1.16
2023/10/11,24.48,28.41,79.69,1.73
2023/10/12,24.2,27.44,83.06,1.85
2023/10/13,23.67,27.65,79.44,1.81
2023/10/14,22.13,27.38,73.94,1.59
2023/10/15,22.22,27.26,74.62,1.8
2023/10/16,21.57,27.1,72.5,1.81
2023/10/17,22.33,27.21,75.62,2.05
2023/10/18,21.24,27.11,71.19,1.54
2023/10/19,21.75,26.41,76.19,1.8
2023/10/20,22.47,25.94,82.25,2.48
2023/10/21,22.37,26.64,78.81,2.3
2023/10/22,23.14,27.78,76.69,1.63
2023/10/23,22.9,25.87,84.19,2.21
2023/10/24,23.04,25.15,88.12,3.29
2023/10/25,23.51,26.69,83.31,2.45
2023/10/26,22.08,27.15,74.31,1.21
2023/10/27,21.05,25.83,75.56,2.02
2023/10/28,21.4,25.15,80.75,2.64
2023/10/29,20.85,25.04,78.94,2.59
2023/10/30,22.11,25.59,81.62,2.41
2023/11/01,23.35,26.78,82.25,1.94
2023/11/02,22.89,26.57,81.62,2.17
2023/11/03,22.44,25.73,83.06,2.49
2023/11/04,21.92,25.49,81.62,2.28
2023/11/05,21.73,25.11,82.62,2.93
2023/11/06,21.22,24.44,83.5,3.0
2023/11/07,19.82,23.97,78.81,2.33
2023/11/08,18.86,23.19,77.69,2.2
2023/11/09,19.47,22.74,83.19,2.88
2023/11/10,20.08,23.37,82.69,2.62
2023/11/11,19.73,23.9,78.94,2.14
2023/11/12,18.93,23.69,75.62,2.13
2023/11/13,19.12,23.87,75.56,1.91
2023/11/14,19.85,24.83,75.12,1.55
2023/11/15,19.88,26.07,70.81,1.23
2023/11/16,21.65,24.52,84.25,2.23
2023/11/17,23.34,24.37,94.0,4.99
2023/11/18,22.62,24.82,87.75,2.85
2023/11/19,22.37,25.6,82.88,1.46
2023/11/20,21.44,25.37,79.69,1.45
2023/11/21,21.84,24.95,83.19,1.57
2023/11/22,19.67,23.33,80.94,2.42
2023/11/23,18.74,22.51,80.5,2.22
2023/11/24,17.76,22.83,74.0,1.48
2023/11/25,16.94,22.54,71.19,1.9
2023/11/26,17.23,23.45,69.0,1.54
2023/11/27,18.45,24.45,70.25,1.62
2023/11/28,18.19,24.08,70.19,1.66
2023/11/29,17.74,22.37,75.75,2.04
2023/11/30,17.1,23.27,69.69,2.13
2023/12/01,18.01,22.87,74.88,2.28
2023/12/02,18.43,23.51,74.12,1.83
2023/12/03,19.45,23.92,77.0,1.68
2023/12/04,20.42,23.99,81.38,1.57
2023/12/05,20.54,23.18,85.44,2.76
2023/12/06,20.59,23.87,82.94,2.17
2023/12/07,21.14,23.24,88.19,1.81
2023/12/08,21.9,23.53,90.75,2.91
2023/12/09,19.73,21.95,87.69,2.77
2023/12/10,17.15,19.93,84.75,3.05
2023/12/11,16.17,19.05,83.94,2.84
2023/12/12,16.08,19.88,79.75,1.88
2023/12/13,15.33,19.44,78.31,2.22
2023/12/14,14.27,18.08,79.81,2.61
2023/12/15,14.18,17.42,82.62,2.56
2023/12/16,14.36,17.66,82.06,2.46
2023/12/17,12.9,18.61,71.75,2.11
2023/12/18,12.64,18.59,70.06,1.9
2023/12/19,14.4,18.7,77.38,2.36
2023/12/20,13.5,18.82,72.56,2.06
2023/12/21,15.2,20.4,72.69,1.34
2023/12/22,16.65,20.85,77.62,1.24
2023/12/23,18.12,21.55,81.5,1.56
2023/12/24,18.69,22.12,81.44,1.44
2023/12/25,18.25,21.86,80.5,1.34
2023/12/26,17.62,21.89,77.31,1.19
