DATE,RH2M,WS10M,T2MDEW,T2MWET,T2M
2019/09/01,87.0,1.97,26.9,28.15,29.39
2019/09/02,88.56,2.74,26.71,27.76,28.82
2019/09/03,88.38,2.37,26.63,27.73,28.83
2019/09/04,91.56,2.7,26.36,27.12,27.87
2019/09/05,89.12,2.81,26.49,27.5,28.51
2019/09/06,90.56,3.12,26.62,27.49,28.35
2019/09/07,91.12,3.8,26.58,27.39,28.19
2019/09/08,90.25,4.26,26.82,27.73,28.62
2019/09/10,89.5,2.94,26.91,27.89,28.87
2019/09/11,90.94,3.45,27.06,27.9,28.73
2019/09/12,93.69,4.73,26.71,27.26,27.82
2019/09/13,91.5,4.06,26.35,27.12,27.9
2019/09/14,90.19,2.98,26.07,26.98,27.88
2019/09/15,88.5,2.68,26.39,27.48,28.56
2019/09/16,90.25,2.7,26.3,27.19,28.08
2019/09/17,84.38,1.6,25.71,27.22,28.73
2019/09/18,78.5,1.09,24.91,27.08,29.26
2019/09/19,77.5,1.26,24.93,27.18,29.43
2019/09/20,81.94,1.24,25.44,27.17,28.9
2019/09/21,82.19,0.93,25.5,27.23,28.95
2019/09/22,82.25,1.27,25.51,27.24,28.98
2019/09/23,86.75,1.38,25.2,26.45,27.7
2019/09/24,93.25,2.02,25.0,25.59,26.18
2019/09/27,87.12,1.7,23.73,24.94,26.14
2019/09/28,87.69,1.37,23.58,24.71,25.85
2019/09/29,87.06,1.3,23.19,24.37,25.55
2019/09/30,91.75,1.81,24.05,24.78,25.51
2019/10/01,93.69,3.73,24.6,25.15,25.69
2019/10/02,85.5,1.81,24.3,25.67,27.05
2019/10/03,85.5,1.27,24.4,25.76,27.12
2019/10/04,88.12,1.69,24.88,25.98,27.08
2019/10/05,86.0,1.59,24.75,26.06,27.37
2019/10/06,85.94,1.17,24.62,25.92,27.22
2019/10/07,88.44,1.24,24.75,25.8,26.86
2019/10/08,87.5,0.66,24.37,25.51,26.66
2019/10/09,87.12,1.45,23.62,24.83,26.03
2019/10/10,89.69,2.05,23.86,24.8,25.73
2019/10/11,86.5,1.64,23.84,25.11,26.38
2019/10/12,81.69,1.42,22.94,24.69,26.44
2019/10/13,82.81,2.14,21.83,23.48,25.11
2019/10/14,82.19,1.8,22.21,23.95,25.69
2019/10/15,79.75,1.41,22.83,24.82,26.8
2019/10/16,82.94,1.36,23.8,25.43,27.05
2019/10/17,84.06,1.42,24.02,25.55,27.08
2019/10/18,82.25,1.7,23.67,25.4,27.12
2019/10/19,81.94,2.01,23.0,24.75,26.51
2019/10/20,85.0,2.19,22.83,24.25,25.66
2019/10/21,89.56,2.5,23.51,24.48,25.43
2019/10/22,88.19,2.2,23.19,24.26,25.34
2019/10/23,85.62,1.9,21.61,22.94,24.28
2019/10/24,90.31,1.98,19.83,20.66,21.5
2019/10/25,94.38,3.45,21.62,22.1,22.57
2019/10/26,93.25,2.39,24.0,24.59,25.19
2019/10/27,89.69,2.03,22.72,23.65,24.59
2019/10/28,86.69,2.38,20.85,22.1,23.35
2019/10/29,87.81,1.87,21.84,22.96,24.08
2019/10/30,82.25,1.34,22.02,23.72,25.41
2019/10/31,79.75,1.02,21.41,23.38,25.36
2019/11/01,83.0,1.49,21.84,23.45,25.05
2019/11/02,83.19,1.43,21.83,23.42,25.01
2019/11/03,80.5,0.92,21.45,23.3,25.16
2019/11/04,79.69,0.85,21.51,23.45,25.4
2019/11/05,81.25,1.34,21.51,23.3,25.08
2019/11/06,81.69,1.6,20.56,22.3,24.05
2019/11/07,77.88,1.78,19.65,21.8,23.94
2019/11/08,88.5,1.93,21.67,22.69,23.73
2019/11/09,95.06,3.47,22.19,22.59,23.0
2019/11/10,93.38,5.51,21.48,22.05,22.6
2019/11/11,87.69,2.76,21.12,22.24,23.36
2019/11/12,86.56,2.29,20.5,21.74,22.99
2019/11/13,83.31,1.77,20.14,21.74,23.34
2019/11/14,80.62,1.13,20.44,22.32,24.2
2019/11/15,78.44,1.08,19.85,21.93,24.01
2019/11/16,77.81,0.83,19.8,21.92,24.05
2019/11/17,81.56,1.16,19.94,21.65,23.37
2019/11/18,77.88,1.09,18.51,20.65,22.79
2019/11/19,76.5,1.05,18.26,20.48,22.71
2019/11/20,81.62,1.32,18.01,19.74,21.48
2019/11/21,78.31,1.11,17.24,19.33,21.43
2019/11/22,78.62,1.3,17.22,19.22,21.21
2019/11/23,78.0,0.76,17.83,19.93,22.01
2019/11/24,79.56,0.72,18.1,20.02,21.94
2019/11/25,83.75,1.45,18.73,20.21,21.7
2019/11/26,83.38,1.47,18.85,20.4,21.95
2019/11/27,81.81,1.46,18.35,20.06,21.78
2019/11/28,78.69,1.15,18.47,20.54,22.62
2019/11/29,81.44,1.35,18.73,20.48,22.22
2019/11/30,82.88,1.55,18.52,20.13,21.74
2019/12/01,83.88,1.73,17.56,19.05,20.53
2019/12/03,80.25,1.56,15.38,17.2,19.02
2019/12/04,80.56,1.73,15.65,17.47,19.28
2019/12/05,84.62,2.38,16.55,17.94,19.33
2019/12/06,81.0,2.55,15.52,17.29,19.05
2019/12/07,78.44,1.83,15.7,17.74,19.78
2019/12/08,73.44,1.14,15.8,18.39,20.98
2019/12/09,80.25,1.3,16.36,18.2,20.05
2019/12/10,82.88,1.48,16.18,17.76,19.34
2019/12/11,78.88,1.61,15.12,17.1,19.08
2019/12/12,80.44,1.8,15.16,16.94,18.73
2019/12/13,76.81,1.27,14.48,16.67,18.87
2019/12/14,77.75,1.6,14.8,16.96,19.12
2019/12/15,83.25,1.72,16.18,17.69,19.22
2019/12/16,84.38,1.86,16.12,17.58,19.05
2019/12/17,85.19,1.95,15.12,16.48,17.83
2019/12/18,88.06,2.94,14.17,15.15,16.13
2019/12/19,88.75,2.22,13.15,14.06,14.98
2019/12/20,85.12,1.9,12.6,13.85,15.1
2019/12/21,88.25,1.74,12.72,13.69,14.66
2019/12/22,87.44,1.72,12.54,13.61,14.67
2019/12/23,86.56,2.41,12.79,14.0,15.21
2019/12/24,84.94,2.28,12.6,13.92,15.23
2019/12/25,83.38,1.98,11.72,13.22,14.73
2019/12/26,74.31,1.81,11.77,14.23,16.7
2019/12/27,80.88,2.11,11.83,13.56,15.28
2019/12/28,83.62,2.59,11.66,13.16,14.66
2019/12/29,81.56,1.79,12.31,14.04,15.76
2019/12/30,80.19,1.84,12.94,14.79,16.64
2019/12/31,78.75,1.91,13.61,15.61,17.61
2020/01/01,81.44,2.27,15.48,17.22,18.94
2020/01/02,80.12,1.98,16.08,17.95,19.83
2020/01/03,91.44,1.83,15.9,16.6,17.31
2020/01/04,85.06,1.6,15.33,16.69,18.04
2020/01/05,85.0,2.31,13.76,15.09,16.42
2020/01/06,83.0,2.58,11.03,12.57,14.1
2020/01/07,80.88,1.98,10.83,12.61,14.39
2020/01/08,78.38,1.38,11.55,13.58,15.62
2020/01/09,83.19,2.01,13.17,14.67,16.16
2020/01/10,85.25,2.34,13.69,14.97,16.25
2020/01/11,86.94,2.91,12.86,13.97,15.08
2020/01/12,85.81,2.41,12.98,14.23,15.48
2020/01/13,82.38,1.84,12.56,14.15,15.75
2020/01/14,82.56,1.54,13.29,14.86,16.44
2020/01/15,83.75,1.84,14.19,15.62,17.05
2020/01/16,77.44,1.79,14.08,16.26,18.45
2020/01/17,77.19,1.8,15.15,17.36,19.58
2020/01/18,77.44,1.84,15.31,17.55,19.78
2020/01/19,81.44,2.29,15.73,17.51,19.27
2020/01/20,81.75,3.26,12.57,14.25,15.94
2020/01/21,75.5,2.37,9.96,12.27,14.58
2020/01/22,71.38,2.18,9.31,12.08,14.85
2020/01/23,74.5,2.3,10.48,12.87,15.27
2020/01/24,69.69,2.09,8.88,11.83,14.76
2020/01/25,69.12,1.9,8.98,12.0,15.03
2020/01/26,73.88,2.41,9.73,12.23,14.73
2020/01/27,76.06,2.12,10.45,12.73,15.01
2020/01/28,72.62,1.82,11.08,13.75,16.41
2020/01/29,76.0,1.59,11.75,13.95,16.15
2020/01/30,79.12,1.9,13.34,15.33,17.3
2021/12/13,72.5,1.22,11.9,14.58,17.25
2021/12/14,79.44,1.81,13.74,15.69,17.62
2021/12/15,82.81,1.95,13.85,15.35,16.86
2021/12/16,78.75,1.88,12.87,14.9,16.92
2021/12/17,75.06,2.03,12.44,14.9,17.35
2021/12/18,74.88,1.99,12.49,14.94,17.4
2021/12/19,82.88,2.41,13.14,14.76,16.38
2021/12/20,80.56,2.27,11.37,13.21,15.06
2021/12/21,82.31,1.69,13.9,15.56,17.22
2021/12/22,83.94,1.57,15.2,16.63,18.06
2021/12/23,78.69,1.45,14.16,16.22,18.26
2021/12/24,78.12,1.67,13.84,15.93,18.01
2021/12/25,72.69,1.32,13.01,15.68,18.34
2021/12/26,71.12,1.56,12.29,15.12,17.97
2021/12/27,71.06,1.21,12.33,15.1,17.86
2021/12/28,73.25,1.38,13.02,15.57,18.11
2021/12/29,78.31,2.36,13.13,15.18,17.23
2021/12/30,77.12,2.05,13.63,15.85,18.06
2022/06/01,88.88,2.88,25.9,26.94,27.98
2022/06/02,86.06,2.99,25.4,26.73,28.05
2022/06/03,89.81,3.69,26.05,26.98,27.9
2022/06/04,88.31,3.89,25.65,26.76,27.86
2022/06/05,87.88,3.7,25.75,26.89,28.03
2022/06/06,87.88,3.48,26.07,27.22,28.36
2022/06/07,86.88,3.55,26.34,27.6,28.86
2022/06/08,89.69,3.51,26.61,27.56,28.52
2022/06/09,92.38,4.02,26.88,27.57,28.26
2022/06/10,90.38,3.9,24.95,25.81,26.67
2022/06/11,89.56,4.06,25.8,26.76,27.73
2022/06/12,90.12,4.51,26.64,27.55,28.46
2022/06/13,91.12,4.89,27.33,28.14,28.95
2022/06/16,93.56,5.69,26.09,26.65,27.21
2022/06/17,94.62,5.5,25.99,26.45,26.9
2022/06/19,93.75,5.29,25.8,26.35,26.9
2022/06/20,92.19,4.18,25.94,26.63,27.33
2022/06/21,92.69,2.88,25.71,26.35,27.0
2022/06/22,87.75,2.95,25.44,26.6,27.76
2022/06/23,90.31,3.53,25.94,26.82,27.71
2022/06/24,92.81,3.98,26.27,26.9,27.54
2022/06/25,90.06,3.81,26.08,27.0,27.92
2022/06/27,88.44,3.3,26.36,27.44,28.52
2022/06/28,89.75,3.56,26.05,26.99,27.94
2022/06/29,88.75,2.22,25.64,26.68,27.72
2022/06/30,90.31,3.07,26.16,27.05,27.94
2022/07/01,89.0,3.36,26.51,27.55,28.59
2022/07/02,88.69,3.04,26.42,27.48,28.55
2022/07/03,89.19,2.96,26.49,27.51,28.52
2022/07/04,88.62,3.03,26.44,27.51,28.59
2022/07/06,91.38,2.76,26.08,26.85,27.62
2022/07/07,88.38,2.52,26.04,27.13,28.22
2022/07/09,86.75,2.53,25.66,26.93,28.19
2022/07/10,88.25,3.61,26.29,27.4,28.52
2022/07/11,89.75,3.5,25.9,26.84,27.78
2022/07/12,86.31,3.4,26.12,27.44,28.76
2022/07/13,86.94,2.98,26.84,28.09,29.34
2022/07/14,86.56,3.22,27.01,28.31,29.62
2022/07/15,87.94,2.91,26.8,27.94,29.09
2022/07/16,86.44,3.37,26.69,28.0,29.31
2022/07/17,87.56,3.47,26.78,27.97,29.16
2022/07/18,87.31,3.41,26.37,27.58,28.8
2022/07/19,87.88,4.09,26.41,27.56,28.72
2022/07/20,91.0,3.66,26.8,27.62,28.45
2022/07/21,87.88,3.41,26.44,27.59,28.73
2022/07/22,87.06,3.34,26.55,27.8,29.05
2022/07/23,88.81,2.46,26.03,27.09,28.15
2022/07/24,90.38,3.64,25.6,26.47,27.33
2022/07/26,83.94,1.64,24.83,26.37,27.9
2022/07/28,86.5,2.36,25.53,26.81,28.1
2022/07/29,84.88,2.61,25.27,26.73,28.19
2022/07/30,87.5,2.62,26.43,27.61,28.79
2022/07/31,90.38,3.55,26.19,27.06,27.94
2022/08/01,89.0,2.58,26.84,27.87,28.9
2022/08/02,85.38,1.77,26.64,28.04,29.44
2022/08/03,87.81,1.67,26.07,27.19,28.32
2022/08/04,84.5,1.85,26.0,27.51,29.01
2022/08/05,86.69,2.01,26.77,28.04,29.3
2022/08/06,87.62,1.73,26.54,27.71,28.88
2022/08/07,81.31,1.32,26.57,28.4,30.24
2022/08/10,90.38,5.08,25.9,26.78,27.65
2022/08/11,88.75,4.84,26.16,27.23,28.28
2022/08/12,87.0,2.23,26.36,27.6,28.84
2022/08/13,90.88,4.07,26.22,27.05,27.89
2022/08/14,88.38,6.34,25.53,26.62,27.69
2022/08/15,88.44,3.8,26.06,27.16,28.26
2022/08/16,86.19,2.25,26.19,27.51,28.85
2022/08/17,82.75,1.64,26.39,28.08,29.78
2022/08/18,79.62,1.45,26.79,28.8,30.82
2022/08/19,86.12,3.98,26.07,27.39,28.7
2022/08/20,88.12,4.3,25.93,27.05,28.18
2022/08/21,88.12,2.62,25.84,26.96,28.08
2022/08/22,85.94,1.91,26.36,27.72,29.08
2022/08/23,89.06,2.57,26.33,27.36,28.37
2022/08/25,84.19,1.82,25.31,26.86,28.41
2022/08/26,86.44,2.45,26.12,27.41,28.71
2022/08/27,91.19,3.45,25.89,26.68,27.47
2022/08/28,88.12,3.61,25.74,26.87,27.98
2022/08/29,86.5,2.42,25.71,27.01,28.31
2022/08/30,81.69,2.54,24.97,26.76,28.55
2022/08/31,85.94,2.42,25.8,27.13,28.47
2022/09/01,90.38,2.73,24.85,25.72,26.58
2022/09/02,89.06,3.12,25.66,26.68,27.69
2022/09/03,89.88,3.77,26.76,27.7,28.64
2022/09/04,91.06,3.55,27.01,27.82,28.62
2022/09/05,91.62,2.59,26.57,27.33,28.09
2022/09/06,87.19,1.54,26.05,27.26,28.47
2022/09/07,86.19,1.49,25.69,26.98,28.26
2022/09/08,80.88,1.38,26.19,28.08,29.98
2022/09/09,85.69,2.24,26.6,27.97,29.33
2022/09/10,89.69,2.87,25.94,26.9,27.85
2022/09/11,89.69,3.55,25.12,26.07,27.01
2022/09/12,93.81,3.9,25.5,26.04,26.58
2022/09/13,94.88,3.37,25.98,26.42,26.86
2022/09/14,89.88,2.88,25.38,26.31,27.24
2022/09/15,91.06,3.3,25.87,26.69,27.5
2022/09/16,90.75,2.45,25.94,26.79,27.64
2022/09/17,87.69,2.27,26.0,27.19,28.37
2022/09/18,86.81,1.86,26.43,27.69,28.96
2022/09/19,88.69,2.66,25.96,27.04,28.11
2022/09/20,90.5,3.8,26.05,26.92,27.8
2022/09/21,91.5,3.38,25.88,26.65,27.42
2022/09/22,90.25,2.77,25.93,26.83,27.73
2022/09/23,89.69,2.4,25.74,26.69,27.65
2022/09/24,90.56,2.09,25.58,26.44,27.3
2022/09/25,86.44,1.64,25.03,26.31,27.6
2022/09/26,86.38,1.67,25.48,26.79,28.09
2022/09/27,91.25,1.88,25.8,26.59,27.38
2022/09/28,83.44,1.45,23.63,25.22,26.8
2022/09/29,80.12,1.23,24.53,26.48,28.44
2022/09/30,78.06,1.52,24.74,26.98,29.23
2022/10/01,82.94,1.57,25.8,27.44,29.08
2022/10/02,92.25,1.58,26.05,26.73,27.41
2022/10/03,95.31,2.22,25.73,26.13,26.53
2022/10/04,89.62,2.09,25.44,26.39,27.33
2022/10/05,89.0,1.9,25.34,26.36,27.37
2022/10/06,89.25,2.4,25.4,26.4,27.4
2022/10/07,85.81,1.77,24.83,26.19,27.55
2022/10/08,86.0,1.73,24.85,26.15,27.47
2022/10/09,90.31,2.24,25.23,26.11,26.99
2022/10/10,91.12,2.3,25.26,26.06,26.87
2022/10/11,92.19,3.0,25.55,26.26,26.96
2022/10/12,93.31,2.32,24.98,25.56,26.15
2022/10/13,90.31,2.09,24.85,25.74,26.62
2022/10/14,88.88,1.6,24.81,25.84,26.87
2022/10/15,85.88,2.13,23.4,24.74,26.09
2022/10/16,81.81,2.0,22.95,24.75,26.55
2022/10/17,83.19,1.8,23.62,25.29,26.96
2022/10/18,84.12,1.55,23.85,25.4,26.95
2022/10/19,82.62,1.52,22.98,24.69,26.4
2022/10/20,82.81,1.93,22.94,24.65,26.35
2022/10/21,80.94,1.73,22.73,24.58,26.44
2022/10/22,77.56,1.95,22.19,24.37,26.56
2022/10/23,88.94,2.43,22.53,23.51,24.49
2022/10/24,94.5,5.45,21.68,22.13,22.58
2022/10/25,89.06,3.91,21.01,21.98,22.94
2022/10/26,83.25,1.51,20.76,22.33,23.9
2022/10/27,77.56,1.7,19.48,21.69,23.88
2022/10/28,75.38,1.38,18.56,20.98,23.4
2022/10/29,74.19,1.34,18.98,21.52,24.07
2022/10/30,81.88,1.55,21.3,23.01,24.72
2022/10/31,83.38,1.25,22.73,24.3,25.88
2022/11/01,83.0,1.66,22.22,23.87,25.51
2022/11/02,85.06,1.84,22.28,23.69,25.08
2022/11/03,82.69,1.88,20.79,22.45,24.11
2022/11/04,75.75,1.12,19.39,21.78,24.17
2022/11/05,76.88,1.24,20.64,22.9,25.15
2022/11/06,73.56,0.91,20.19,22.8,25.42
2022/11/07,74.88,1.31,19.17,21.65,24.14
2022/11/08,71.06,1.26,17.88,20.77,23.66
2022/11/09,74.88,1.42,18.05,20.47,22.88
2022/11/10,74.81,1.41,17.88,20.31,22.75
2022/11/11,77.5,1.49,18.33,20.51,22.67
2022/11/12,77.5,1.36,18.97,21.13,23.3
2022/11/13,81.12,1.74,17.8,19.61,21.42
2022/11/14,75.56,1.48,16.91,19.26,21.61
2022/11/15,76.69,0.87,17.74,19.97,22.19
2022/11/16,78.94,0.95,18.19,20.19,22.17
2022/11/17,75.88,1.22,17.36,19.74,22.12
2022/11/18,74.12,1.42,16.22,18.73,21.23
2022/11/19,74.38,1.7,15.83,18.29,20.74
2022/11/20,73.44,1.27,16.51,19.12,21.73
2022/11/21,81.31,2.04,16.93,18.7,20.48
2022/11/22,82.31,2.19,16.34,18.07,19.79
2022/11/23,85.12,2.07,17.15,18.53,19.92
2022/11/24,82.5,1.73,17.45,19.12,20.78
2022/11/25,79.44,1.56,17.38,19.34,21.3
2022/11/26,74.5,1.21,16.33,18.8,21.27
2022/11/27,74.88,1.38,16.02,18.47,20.92
2022/11/28,77.62,1.59,16.29,18.46,20.62
2022/11/29,72.88,1.63,16.4,19.08,21.77
2022/11/30,79.25,1.87,17.87,19.85,21.83
2022/12/01,81.31,2.02,17.2,19.01,20.81
2022/12/02,83.56,2.13,17.13,18.69,20.25
2022/12/03,80.5,1.59,16.78,18.58,20.38
2022/12/04,77.56,1.09,16.14,18.31,20.48
2022/12/05,79.81,1.37,16.72,18.68,20.65
2022/12/06,81.19,1.6,16.52,18.34,20.16
2022/12/07,82.94,1.77,16.36,17.95,19.55
2022/12/08,81.25,1.8,16.4,18.12,19.85
2022/12/09,75.81,1.38,14.83,17.17,19.51
2022/12/10,72.56,1.15,14.37,17.05,19.73
2022/12/11,79.75,1.66,15.49,17.43,19.37
2022/12/12,79.0,1.83,14.8,16.83,18.86
2022/12/13,77.44,1.42,14.62,16.79,18.95
2022/12/14,79.19,1.47,15.08,17.01,18.94
2022/12/15,78.94,1.72,14.37,16.37,18.36
2022/12/16,79.81,1.92,13.59,15.51,17.42
2022/12/17,79.38,1.79,14.83,16.8,18.76
2022/12/18,75.25,1.34,14.17,16.57,18.98
2022/12/19,73.5,1.18,14.33,16.98,19.61
2022/12/20,77.56,1.23,15.08,17.24,19.4
2022/12/21,80.75,1.72,15.13,16.95,18.77
2022/12/22,77.5,1.78,14.33,16.52,18.72
2022/12/23,68.81,2.12,11.48,14.75,18.01
2022/12/24,63.62,1.35,10.98,14.66,18.36
2022/12/25,71.25,1.74,13.14,15.85,18.56
2022/12/26,76.62,1.77,15.28,17.48,19.69
2022/12/27,82.75,2.01,16.2,17.8,19.38
2022/12/28,76.81,2.05,12.79,14.98,17.18
2022/12/29,71.12,2.06,9.8,12.69,15.57
2022/12/30,70.44,1.51,10.57,13.47,16.37
2022/12/31,73.69,1.55,11.3,13.84,16.38
2023/01/01,73.31,1.67,11.48,14.08,16.68
2023/01/02,71.5,1.49,11.58,14.41,17.24
2023/01/03,76.0,1.7,12.22,14.56,16.91
2023/01/04,78.94,2.09,11.9,14.01,16.11
2023/01/05,77.31,2.45,11.62,13.83,16.04
2023/01/06,76.56,2.63,11.88,14.28,16.67
2023/01/07,76.56,1.96,13.07,15.34,17.62
2023/01/08,76.56,1.87,13.3,15.63,17.96
2023/01/09,72.31,1.76,12.77,15.67,18.56
2023/01/10,69.94,2.13,12.4,15.52,18.64
2023/01/11,68.19,2.1,10.48,13.8,17.12
2023/01/12,69.25,1.77,9.88,13.01,16.15
2023/01/13,65.69,1.82,10.05,13.61,17.18
2023/01/14,73.19,2.24,12.68,15.31,17.95
2023/01/15,70.69,1.86,12.23,15.22,18.21
2023/01/16,71.19,2.02,11.01,13.83,16.65
2023/01/17,67.19,2.26,8.96,12.28,15.6
2023/01/18,60.0,2.12,6.65,10.74,14.83
2023/01/19,60.44,2.27,6.43,10.49,14.55
2023/01/20,62.5,1.57,7.97,11.78,15.58
2023/01/21,64.94,1.4,9.71,13.32,16.93
2023/01/22,64.56,1.67,10.26,13.9,17.54
2023/01/23,70.88,2.05,11.98,14.87,17.76
2023/01/24,68.5,1.98,12.44,15.76,19.08
2023/01/25,65.75,1.58,12.95,16.55,20.14
2023/01/26,69.19,1.76,14.14,17.32,20.49
2023/01/27,71.31,1.52,15.2,18.12,21.05
2023/01/28,72.62,1.82,15.1,17.87,20.64
2023/01/29,67.06,1.91,12.95,16.5,20.05
2023/01/30,66.06,1.62,13.8,17.49,21.18
2023/01/31,68.81,1.67,14.8,18.01,21.22
2023/02/01,61.38,2.68,12.75,16.78,20.82
2023/02/02,56.88,2.95,8.59,13.48,18.38
2023/02/03,59.38,2.12,9.9,14.36,18.81
2023/02/05,55.56,1.76,9.55,14.41,19.27
2023/02/09,69.31,2.2,14.75,18.02,21.3
2023/02/10,59.06,2.16,11.01,15.78,20.55
2023/02/11,50.12,2.24,9.83,15.58,21.33
2023/02/12,62.38,2.95,12.38,16.65,20.93
2023/02/13,42.81,3.21,4.23,11.56,18.9
2023/02/14,41.62,2.39,4.92,12.15,19.38
2023/02/15,46.88,2.08,7.19,13.48,19.78
2023/02/17,47.06,1.4,9.71,15.9,22.1
2023/02/18,45.31,0.98,10.08,16.54,23.0
2023/02/19,48.06,1.5,11.08,17.12,23.15
2023/02/21,62.94,3.09,16.25,20.26,24.28
2023/02/22,70.0,4.08,18.01,21.45,24.89
2023/02/23,62.75,3.83,15.05,19.76,24.48
2023/02/24,69.06,2.73,16.91,20.46,24.0
2023/02/25,53.19,2.38,12.17,17.98,23.8
2023/02/26,43.31,2.41,9.34,16.73,24.11
2023/02/27,39.5,2.34,8.27,16.12,23.97
2023/02/28,44.56,2.38,9.07,16.13,23.19
2023/03/01,48.62,2.51,11.05,17.29,23.53
2023/03/02,47.81,2.06,12.21,18.7,25.19
2023/03/03,43.31,2.22,11.33,18.47,25.59
2023/03/04,42.12,1.67,12.02,19.47,26.92
2023/03/05,45.75,2.02,12.87,19.65,26.42
2023/03/06,39.44,2.88,10.62,18.79,26.96
2023/03/07,37.62,2.91,8.78,17.3,25.83
2023/03/08,36.94,2.63,9.15,17.56,25.98
2023/03/09,42.31,2.71,11.82,19.19,26.56
2023/03/10,42.56,2.15,10.86,17.98,25.09
2023/03/11,41.38,2.04,11.73,19.29,26.85
2023/03/12,41.69,2.73,12.02,19.64,27.26
2023/03/13,41.12,2.42,11.7,19.52,27.34
2023/03/14,41.19,1.9,12.32,19.9,27.48
2023/03/15,55.69,2.98,16.68,21.95,27.23
2023/03/16,68.75,3.0,18.43,22.01,25.6
2023/03/17,71.19,2.05,18.41,21.46,24.51
2023/03/18,63.75,1.7,17.4,21.5,25.58
2023/03/19,80.81,2.12,19.41,21.19,22.98
2023/03/20,80.31,3.62,18.91,20.87,22.82
2023/03/21,73.38,2.29,18.13,20.93,23.73
2023/03/22,69.31,2.39,17.66,20.98,24.3
2023/03/23,61.56,2.08,16.06,20.56,25.06
2023/03/24,68.75,2.15,17.9,21.4,24.9
2023/03/25,66.94,2.29,18.28,21.9,25.51
2023/03/26,66.62,3.09,19.27,23.08,26.87
2023/03/27,65.44,3.05,19.28,23.26,27.26
2023/03/28,64.62,2.52,19.08,23.24,27.4
2023/03/29,71.31,2.66,20.23,23.29,26.36
2023/03/30,72.88,2.43,20.08,22.87,25.65
2023/03/31,81.31,2.16,21.31,23.15,24.98
2023/04/01,84.88,1.67,20.96,22.37,23.76
2023/04/02,75.56,2.23,19.39,21.89,24.39
2023/04/03,71.62,3.05,19.26,22.33,25.4
2023/04/04,72.75,3.59,20.52,23.58,26.62
2023/04/05,77.31,3.55,22.42,24.87,27.32
2023/04/06,68.62,2.38,20.4,23.99,27.58
2023/04/07,59.75,2.4,17.78,22.65,27.52
2023/04/08,54.5,1.5,16.8,22.55,28.3
2023/04/09,50.38,1.84,16.26,22.51,28.76
2023/04/10,52.56,2.05,17.16,22.94,28.72
2023/04/11,52.38,2.02,17.84,23.71,29.58
2023/04/12,52.69,1.8,17.13,23.29,29.44
2023/04/13,47.0,2.41,15.84,22.73,29.62
2023/04/14,56.12,1.81,18.81,24.55,30.29
2023/04/15,55.81,1.67,19.3,24.79,30.27
2023/04/16,52.69,2.39,18.62,24.69,30.75
2023/04/17,64.31,4.0,22.01,26.44,30.86
2023/04/18,64.5,3.34,22.83,27.17,31.51
2023/04/19,65.38,4.03,22.8,27.05,31.3
2023/04/20,65.0,4.38,22.51,26.89,31.26
2023/04/21,67.19,3.73,22.38,26.46,30.54
2023/04/22,64.19,2.8,20.84,25.21,29.58
2023/04/23,70.38,2.54,20.81,24.0,27.19
2023/04/24,60.81,1.23,18.77,23.41,28.05
2023/04/25,58.38,1.7,18.73,23.69,28.64
2023/04/26,52.19,1.41,18.19,23.96,29.72
2023/04/27,53.88,1.52,18.8,24.45,30.11
2023/04/28,58.38,1.87,19.05,24.02,28.99
2023/04/29,58.81,2.16,20.08,24.91,29.75
2023/04/30,65.25,2.11,20.58,24.4,28.21
2023/05/01,66.75,2.23,20.76,24.3,27.85
2023/05/02,60.12,1.72,19.72,24.38,29.05
2023/05/03,58.81,2.47,19.97,24.76,29.55
2023/05/04,72.56,2.32,22.58,25.45,28.33
2023/05/05,75.19,2.44,22.97,25.54,28.11
2023/05/06,70.44,2.4,22.58,25.88,29.19
2023/05/07,64.31,2.42,21.37,25.52,29.68
2023/05/08,53.81,2.66,18.21,24.23,30.26
2023/05/09,55.38,2.35,19.26,24.72,30.18
2023/05/10,60.31,2.5,21.34,26.21,31.08
2023/05/11,62.69,2.14,22.71,27.06,31.42
2023/05/12,65.81,1.92,22.34,26.13,29.92
2023/05/14,62.06,4.59,20.07,24.37,28.66
2023/05/15,59.5,3.24,19.73,24.44,29.15
2023/05/16,68.88,3.71,22.82,26.28,29.74
2023/05/17,79.62,3.73,24.62,26.72,28.81
2023/05/18,83.62,2.93,24.88,26.51,28.12
2023/05/19,84.5,3.45,24.95,26.48,27.99
2023/05/20,81.06,3.87,24.97,26.91,28.86
2023/05/21,81.62,3.59,24.65,26.5,28.35
2023/05/22,85.75,3.14,25.28,26.65,28.01
2023/05/23,88.81,2.32,25.49,26.51,27.55
2023/05/24,85.19,1.88,24.33,25.78,27.23
2023/05/25,84.44,2.4,24.19,25.71,27.23
2023/05/26,84.19,2.09,25.05,26.6,28.15
2023/05/27,82.31,2.54,24.69,26.41,28.14
2023/05/28,75.31,0.91,23.69,26.2,28.7
2023/05/29,71.12,1.32,23.51,26.51,29.51
2023/05/30,65.25,0.96,23.43,27.18,30.92
2023/05/31,70.56,1.54,25.05,28.15,31.25
2023/06/01,79.62,2.79,26.23,28.3,30.36
2023/06/02,77.94,3.6,25.65,28.04,30.43
2023/06/03,80.19,2.7,26.15,28.21,30.26
2023/06/04,79.75,2.5,25.96,28.05,30.15
2023/06/05,78.44,1.34,25.35,27.53,29.71
2023/06/06,72.38,1.77,24.99,27.87,30.76
2023/06/07,74.38,2.02,25.8,28.53,31.27
2023/06/08,71.25,1.25,24.78,27.88,30.98
2023/06/09,79.19,1.23,24.83,26.84,28.86
2023/06/10,81.31,1.66,25.62,27.49,29.36
2023/06/11,83.81,2.95,26.23,27.85,29.47
2023/06/12,90.0,3.07,26.61,27.53,28.45
2023/06/13,85.88,3.38,26.75,28.15,29.56
2023/06/14,90.75,5.17,27.3,28.14,28.98
2023/06/15,91.06,7.18,27.26,28.08,28.89
2023/06/16,89.5,6.49,27.28,28.26,29.24
2023/06/17,91.75,5.91,27.4,28.15,28.89
2023/06/18,91.25,4.89,27.17,27.97,28.76
2023/06/19,91.44,3.8,26.83,27.62,28.4
2023/06/20,91.0,3.94,26.47,27.28,28.1
2023/06/21,94.38,3.46,27.09,27.58,28.07
2023/06/22,91.81,3.45,26.25,26.98,27.71
2023/06/23,87.69,3.37,26.37,27.54,28.71
2023/06/24,87.81,4.16,26.28,27.44,28.59
2023/06/25,87.19,4.22,25.83,27.05,28.26
2023/06/26,89.12,4.68,25.93,26.94,27.94
2023/06/27,90.56,5.02,26.15,27.01,27.87
2023/06/28,90.0,4.34,26.29,27.21,28.13
2023/06/29,91.38,3.66,26.5,27.28,28.06
2023/06/30,91.56,3.72,26.79,27.55,28.32
2023/07/01,89.12,2.99,27.08,28.08,29.1
2023/07/02,91.19,3.95,27.19,28.0,28.8
2023/07/03,90.25,2.87,27.16,28.05,28.94
2023/07/04,89.38,2.37,27.32,28.3,29.29
2023/07/05,88.19,2.38,26.89,28.0,29.11
2023/07/06,92.25,4.17,26.91,27.61,28.3
2023/07/07,92.25,4.52,27.05,27.74,28.44
2023/07/08,90.06,3.8,26.7,27.62,28.53
2023/07/09,88.0,2.94,26.68,27.81,28.95
2023/07/10,89.31,3.41,27.21,28.21,29.21
2023/07/11,90.44,4.4,27.08,27.96,28.83
2023/07/12,89.25,4.14,26.23,27.22,28.21
2023/07/13,90.0,3.69,26.69,27.61,28.53
2023/07/14,88.69,2.52,26.55,27.62,28.69
2023/07/15,89.62,4.2,26.65,27.62,28.58
2023/07/16,90.44,4.94,26.3,27.15,28.01
2023/07/17,91.0,3.33,26.12,26.94,27.74
2023/07/18,86.94,2.66,26.56,27.8,29.05
2023/07/19,87.81,2.7,27.13,28.3,29.46
2023/07/20,87.62,2.84,26.98,28.15,29.32
2023/07/21,84.75,1.62,26.22,27.65,29.1
2023/07/22,87.0,2.24,26.04,27.24,28.44
2023/07/23,83.5,1.95,26.44,28.03,29.61
2023/07/25,86.31,1.81,26.23,27.53,28.83
2023/07/26,88.38,3.02,26.73,27.83,28.92
2023/07/27,88.19,3.39,27.03,28.15,29.28
2023/07/28,87.62,3.44,26.91,28.1,29.29
2023/07/29,87.88,3.2,27.11,28.26,29.41
2023/07/30,79.88,1.37,26.51,28.52,30.54
2023/07/31,75.0,0.88,26.47,29.02,31.57
2023/08/01,82.69,3.12,27.51,29.23,30.94
2023/08/02,89.56,5.55,26.9,27.87,28.83
2023/08/03,89.31,4.43,26.91,27.92,28.92
2023/08/04,89.38,4.32,26.8,27.8,28.78
2023/08/05,88.62,3.8,26.44,27.5,28.57
2023/08/06,90.19,4.79,26.58,27.49,28.4
2023/08/07,91.5,4.2,27.2,27.98,28.75
2023/08/08,91.88,3.53,26.73,27.46,28.19
2023/08/09,90.5,3.25,26.65,27.53,28.4
2023/08/10,88.75,3.16,26.59,27.65,28.7
2023/08/11,90.0,3.24,26.74,27.67,28.6
2023/08/12,92.5,3.8,26.84,27.51,28.19
2023/08/13,88.25,3.34,25.16,26.24,27.32
2023/08/14,84.12,1.84,24.81,26.31,27.8
2023/08/15,87.62,1.99,26.38,27.56,28.73
2023/08/16,89.25,2.1,27.23,28.22,29.22
2023/08/17,86.0,1.57,26.87,28.2,29.53
2023/08/18,88.75,2.95,26.89,27.95,29.02
2023/08/19,90.69,3.16,26.78,27.64,28.51
2023/08/20,88.44,2.4,26.62,27.71,28.8
2023/08/21,89.88,2.66,26.34,27.28,28.22
2023/08/22,92.81,4.23,26.48,27.12,27.76
2023/08/23,90.5,3.45,26.33,27.21,28.08
2023/08/24,91.44,2.56,26.46,27.23,28.01
2023/08/25,90.44,2.65,26.62,27.51,28.39
2023/08/26,90.5,3.68,26.6,27.48,28.36
2023/08/27,90.38,3.91,26.86,27.74,28.62
2023/08/28,87.88,2.7,26.95,28.09,29.24
2023/08/29,80.5,1.22,25.75,27.7,29.65
2023/08/30,79.69,1.52,25.4,27.44,29.48
2023/08/31,82.5,1.27,25.83,27.54,29.24
2023/09/01,84.69,1.63,26.55,28.06,29.58
2023/09/02,82.75,1.21,26.74,28.46,30.19
2023/09/03,88.12,2.38,27.08,28.19,29.3
2023/09/04,87.88,1.82,26.04,27.18,28.32
2023/09/05,83.75,1.95,26.62,28.23,29.82
2023/09/06,85.12,1.7,26.83,28.24,29.65
2023/09/07,89.81,3.29,26.39,27.33,28.28
2023/09/08,93.44,4.08,26.44,27.02,27.6
2023/09/09,86.25,1.85,26.16,27.48,28.8
2023/09/10,83.69,1.46,26.35,27.93,29.51
2023/09/11,85.31,1.81,26.17,27.61,29.05
2023/09/12,85.81,1.67,26.49,27.84,29.19
2023/09/13,88.75,2.13,26.27,27.31,28.34
2023/09/14,91.0,3.33,26.14,26.95,27.77
2023/09/15,89.44,2.91,26.18,27.15,28.14
2023/09/16,85.44,1.55,26.13,27.53,28.93
2023/09/17,82.75,1.3,26.49,28.19,29.87
2023/09/18,92.62,2.05,26.69,27.35,28.01
2023/09/19,91.44,2.95,26.01,26.79,27.56
2023/09/20,92.81,4.62,25.99,26.62,27.26
2023/09/21,94.31,3.66,26.32,26.81,27.31
2023/09/22,92.81,2.76,26.05,26.69,27.33
2023/09/23,91.56,2.85,26.14,26.9,27.68
2023/09/24,90.94,3.27,26.06,26.88,27.71
2023/09/25,89.19,2.31,26.23,27.23,28.23
2023/09/26,83.38,0.93,25.83,27.44,29.05
2023/09/27,83.75,1.02,25.53,27.08,28.63
2023/09/28,84.44,1.48,26.2,27.69,29.19
2023/09/29,92.19,2.44,26.62,27.3,27.99
2023/09/30,88.5,2.15,26.14,27.19,28.25
2023/10/01,88.56,1.94,26.17,27.23,28.29
2023/10/02,90.44,2.25,25.84,26.71,27.58
2023/10/03,91.06,3.46,25.87,26.69,27.51
2023/10/04,93.12,4.26,25.1,25.7,26.31
2023/10/05,95.62,4.98,24.95,25.32,25.69
2023/10/06,94.62,4.52,25.94,26.4,26.85
2023/10/07,92.12,4.32,26.44,27.15,27.87
2023/10/08,88.06,2.23,25.97,27.08,28.19
2023/10/09,89.69,2.2,26.16,27.12,28.07
2023/10/10,79.5,0.8,24.74,26.78,28.82
2023/10/11,83.81,1.4,24.92,26.46,28.0
2023/10/12,78.69,1.12,23.98,26.06,28.14
2023/10/13,75.19,1.02,22.61,25.07,27.52
2023/10/14,75.44,1.3,21.9,24.33,26.76
2023/10/15,76.5,1.05,21.88,24.24,26.61
2023/10/16,78.06,1.47,21.84,24.01,26.16
2023/10/17,72.19,1.11,20.54,23.4,26.28
2023/10/18,79.06,1.41,21.64,23.65,25.65
2023/10/19,84.38,1.66,22.16,23.63,25.11
2023/10/20,83.44,1.78,21.6,23.2,24.8
2023/10/21,76.38,1.44,20.22,22.59,24.98
2023/10/22,75.12,1.26,19.69,22.1,24.51
2023/10/23,81.31,1.27,21.94,23.74,25.53
2023/10/24,90.38,2.0,23.21,24.08,24.94
2023/10/25,83.0,1.55,22.72,24.36,26.0
2023/10/26,83.38,1.49,22.52,24.08,25.65
2023/10/27,82.12,1.62,21.3,23.01,24.7
2023/10/28,78.44,2.39,19.33,21.42,23.52
2023/10/29,76.25,1.7,18.86,21.18,23.51
2023/10/30,74.62,1.1,20.01,22.47,24.93
2023/11/01,77.75,1.84,20.37,22.55,24.73
2023/11/02,80.06,1.59,20.75,22.65,24.57
2023/11/03,79.81,1.64,20.73,22.64,24.55
2023/11/04,75.06,1.2,20.05,22.49,24.94
2023/11/05,80.25,1.93,20.06,21.92,23.78
2023/11/06,79.25,1.81,18.6,20.61,22.62
2023/11/07,78.94,1.67,18.33,20.38,22.43
2023/11/08,80.56,1.73,18.55,20.38,22.22
2023/11/09,81.75,1.84,18.92,20.65,22.37
2023/11/10,79.06,1.79,18.47,20.49,22.51
2023/11/11,75.75,1.38,18.25,20.63,23.01
2023/11/12,77.88,1.57,18.56,20.67,22.78
2023/11/13,75.75,1.34,18.26,20.62,22.97
2023/11/14,75.19,1.27,18.21,20.66,23.12
2023/11/15,70.94,1.41,17.05,20.02,22.98
2023/11/16,83.12,1.96,19.92,21.48,23.04
2023/11/17,93.0,4.83,21.13,21.73,22.33
2023/11/18,85.0,2.27,19.75,21.12,22.48
2023/11/19,83.19,1.46,20.13,21.71,23.29
2023/11/20,81.75,1.18,20.01,21.76,23.52
2023/11/21,82.38,1.74,19.87,21.55,23.22
2023/11/22,83.31,2.01,18.24,19.84,21.44
2023/11/23,77.38,1.76,16.83,19.01,21.19
2023/11/24,74.75,0.95,17.34,19.8,22.25
2023/11/25,76.19,1.59,17.23,19.53,21.83
2023/11/26,77.81,1.65,17.02,19.09,21.15
2023/11/27,80.69,2.01,17.87,19.66,21.46
2023/11/28,77.0,1.72,17.95,20.15,22.36
2023/11/29,80.88,1.81,18.26,20.05,21.84
2023/11/30,79.0,1.56,17.67,19.71,21.75
2023/12/01,74.94,1.27,16.93,19.4,21.88
2023/12/02,74.25,0.96,17.33,19.79,22.25
2023/12/03,76.31,1.16,17.94,20.24,22.54
2023/12/04,79.94,1.52,18.03,19.95,21.88
2023/12/05,77.75,1.05,18.23,20.37,22.5
2023/12/06,79.44,1.34,18.55,20.47,22.4
2023/12/07,92.75,2.19,19.28,19.89,20.5
2023/12/08,91.12,1.89,19.31,20.1,20.88
2023/12/09,88.75,3.04,17.8,18.81,19.83
2023/12/10,83.31,2.16,15.29,16.83,18.37
2023/12/11,81.62,1.7,15.05,16.74,18.44
2023/12/12,80.31,1.36,15.3,17.18,19.06
2023/12/13,81.19,1.85,14.45,16.22,17.98
2023/12/14,71.44,1.37,11.15,13.94,16.72
2023/12/15,70.62,1.55,11.19,14.01,16.83
2023/12/16,72.94,0.84,12.75,15.31,17.87
2023/12/17,74.81,0.91,13.19,15.65,18.1
2023/12/18,79.5,1.03,14.32,16.21,18.09
2023/12/19,80.12,1.02,14.78,16.62,18.48
2023/12/20,80.19,1.45,14.3,16.12,17.94
2023/12/21,78.44,1.46,14.69,16.7,18.72
2023/12/22,82.75,1.83,15.98,17.55,19.12
2023/12/23,85.19,1.98,16.97,18.3,19.64
2023/12/24,79.31,1.41,16.05,18.02,19.99
2023/12/25,72.38,0.73,14.82,17.52,20.23
2023/12/26,76.0,1.44,14.91,17.23,19.54
