YEAR,MO,DY,T2MDEW,T2M,RH2M,WS10M
2019,9,1,26.98,29.55,86.62,1.83
2019,9,2,26.29,28.84,86.81,2.31
2019,9,3,26.62,29,87.44,2.48
2019,9,4,26.38,28.09,90.62,2.33
2019,9,5,26.37,28.42,89.12,2.64
2019,9,6,26.43,28.4,89.44,3.05
2019,9,7,26.4,27.98,91.38,3.63
2019,9,8,26.48,28.06,91.31,3.89
2019,9,9,26.72,28.51,90.38,4.3
2019,9,10,26.9,28.37,91.88,2.99
2019,9,11,26.76,28.34,91.31,3.55
2019,9,12,26.38,27.65,92.88,4.81
2019,9,13,26.05,27.23,93.31,4.07
2019,9,14,25.76,27.47,90.56,2.58
2019,9,15,26,28.29,87.94,2.33
2019,9,16,25.98,27.98,89.12,2.19
2019,9,17,25.36,28.77,82.81,1.25
2019,9,18,25.18,29.46,78.81,0.94
2019,9,19,25,29.76,76.19,0.98
2019,9,20,25.27,28.73,81.88,1.25
2019,9,21,25.35,29.17,80.44,0.92
2019,9,22,25.55,29.15,81.75,1.29
2019,9,23,24.9,27.69,85.5,1.14
2019,9,24,24.73,26.65,89.44,1.34
2019,9,25,24.29,25.81,91.44,2.12
2019,9,26,23.55,26.14,86.12,1.6
2019,9,27,23.7,26.05,87.25,1.81
2019,9,28,23.69,26.09,87.06,1.43
2019,9,29,23.96,25.85,89.5,1.48
2019,9,30,24.32,26.05,90.5,1.97
2019,10,1,24.4,25.73,92.5,2.99
2019,10,2,24.61,26.7,88.81,2.16
2019,10,3,24.86,27.4,86.62,1.66
2019,10,4,24.89,27.17,87.69,1.55
2019,10,5,24.75,27.27,86.56,1.62
2019,10,6,24.72,27.35,85.94,1.36
2019,10,7,24.74,27.27,86.5,1.27
2019,10,8,24.51,26.48,89.19,1.23
2019,10,9,23.73,25.86,88.44,1.25
2019,10,10,23.69,25.45,90.12,1.88
2019,10,11,24.06,26.19,88.56,1.88
2019,10,12,23.4,26.48,83.69,1.48
2019,10,13,21.86,25.46,81.31,1.98
2019,10,14,21.97,25.94,79.94,1.53
2019,10,15,23.09,26.41,82.88,1.58
2019,10,16,23.67,26.64,84.44,1.51
2019,10,17,23.87,26.95,83.88,1.55
2019,10,18,23.9,27.72,80,1.12
2019,10,19,23.56,27.37,80.19,1.41
2019,10,20,23.27,26.23,84.44,1.86
2019,10,21,23.4,25.83,87,2.09
2019,10,22,23.8,26.11,87.44,1.66
2019,10,23,22.75,25.19,86.94,2.04
2019,10,24,20.48,21.92,91.56,3.05
2019,10,25,22.15,23.36,93.06,3.16
2019,10,26,24.58,25.47,94.88,2.71
2019,10,27,23.82,25.69,89.75,2.01
2019,10,28,21.83,24.05,87.88,2.06
2019,10,29,21.98,24.3,87.38,1.85
2019,10,30,21.69,24.95,82.75,1.48
2019,10,31,21.18,25.13,79.38,1.26
2019,11,1,21.67,24.98,82.5,1.47
2019,11,2,20.94,25.3,77.44,0.96
2019,11,3,20.33,25.44,74.19,0.75
2019,11,4,21.17,25,79.94,1.48
2019,11,5,21.43,25.16,80.44,1.36
2019,11,6,20.58,24.63,79.06,1.48
2019,11,7,20.14,24.83,75.94,1.49
2019,11,8,22.09,23.8,90.25,1.77
2019,11,9,22.22,23.04,95.06,3.45
2019,11,10,21.9,23.09,93,5.11
2019,11,11,22.19,23.77,91,2.74
2019,11,12,20.62,23.26,85.88,1.95
2019,11,13,19.9,23.82,79.88,1.27
2019,11,14,20.7,24.53,80.06,1.05
2019,11,15,20.44,24.33,79.56,1
2019,11,16,19.76,23.94,78.19,0.86
2019,11,17,19.44,23.66,77.81,0.82
2019,11,18,19.1,23.26,78.25,1.12
2019,11,19,18.19,23.42,73.31,0.73
2019,11,20,17.92,22.29,76.62,1.02
2019,11,21,17.08,21.42,77.69,1.16
2019,11,22,16.65,21.38,75.31,0.9
2019,11,23,17.41,21.37,79.06,1.3
2019,11,24,17.82,21.38,80.75,1.3
2019,11,25,17.47,21.47,78.62,1.27
2019,11,26,17.94,21.94,79.44,1.04
2019,11,27,18.48,22.19,80.81,1.27
2019,11,28,19.19,22.84,80.88,1.17
2019,11,29,19.29,22.8,81.5,1.02
2019,11,30,18.87,22.46,80.94,1.17
2019,12,1,18.1,21.05,83.81,1.7
2019,12,2,16.18,19.76,80.81,1.7
2019,12,3,14.62,19.58,73.56,1.14
2019,12,4,15.26,19.51,77.12,1.46
2019,12,5,16.4,20.06,80.88,2.04
2019,12,6,16.22,19.75,81.81,2.21
2019,12,7,16.27,20.53,77.81,1.8
2019,12,8,16.08,21.38,72.94,1.06
2019,12,9,16.4,20.69,77.56,1
2019,12,10,16.05,20.49,76.69,0.95
2019,12,11,15.62,20.11,76.12,1.12
2019,12,12,15.36,19.39,78.44,1.64
2019,12,13,14.32,18.94,76.12,1.27
2019,12,14,14.32,19.75,73.12,1.13
2019,12,15,15.48,19.8,76.5,1.23
2019,12,16,16.51,19.39,84.75,1.59
2019,12,17,15.65,18.37,85.25,1.86
2019,12,18,14.67,16.6,88.31,2.53
2019,12,19,13.33,15.27,87.69,1.91
2019,12,20,12.65,15.15,84.31,1.65
2019,12,21,12.93,14.88,88.19,1.51
2019,12,22,12.91,14.72,87.81,1.95
2019,12,23,13.55,15.75,87,2.24
2019,12,24,12.92,15.68,84.62,1.93
2019,12,25,12.44,15.21,83.75,1.94
2019,12,26,12.69,16.88,77.69,1.77
2019,12,27,12.51,15.4,83.5,1.9
2019,12,28,11.96,14.81,84.19,2.02
2019,12,29,13.26,16.2,82.75,1.87
2019,12,30,13.95,17.67,80.25,1.47
2019,12,31,15.62,18.97,81.12,1.59
2020,1,1,16.01,20.08,78.75,1.68
2020,1,2,16.98,19.95,84,1.89
2020,1,3,16.37,17.5,93.19,2.02
2020,1,4,15.47,18.01,85.88,1.77
2020,1,5,15.23,17.46,87.38,2.02
2020,1,6,11.83,14.52,84.31,2.57
2020,1,7,11.12,14.76,81,1.81
2020,1,8,12.59,15.8,82.38,1.97
2020,1,9,13.26,16.69,81.12,1.62
2020,1,10,13.77,16.33,85.88,2.34
2020,1,11,13.02,15.11,87.75,2.44
2020,1,12,13.32,15.62,86.06,2.29
2020,1,13,12.86,15.66,84.06,1.71
2020,1,14,13.12,16.46,81.56,1.3
2020,1,15,14.17,17.3,82.69,1.72
2020,1,16,14.87,18.94,78.38,1.74
2020,1,17,15.65,19.4,80,2.12
2020,1,18,14.75,20.46,72,1.51
2020,1,19,15.51,19.91,77,1.9
2020,1,20,13.72,16.59,84.19,2.73
2020,1,21,10.12,14.91,74.75,2.24
2020,1,22,9.97,14.86,74.69,2.41
2020,1,23,11.19,15.98,74.94,2.32
2020,1,24,9.75,15.23,72.69,2.28
2020,1,25,8.99,15.61,66.69,1.82
2020,1,26,9.93,14.86,74,2.19
2020,1,27,10.23,15.4,72.5,1.8
2020,1,28,10.65,16.87,68.38,1.55
2020,1,29,11.23,16.83,70.12,1.11
2020,1,30,13.48,17.99,76.06,1.66
2020,1,31,14.53,17.85,82.12,2.03
2020,2,1,11.82,16.53,75.75,2.27
2020,2,2,9.92,15.86,69.81,2.62
2020,2,3,8.7,14.68,69.5,2.66
2020,2,4,9.27,15.3,69.56,2.56
2020,2,5,10.48,16.3,70.44,2.34
2020,2,6,10.15,17.05,65.94,2.48
2020,2,7,9.65,17.2,63.19,2.22
2020,2,8,10.68,17.94,64.88,2.14
2020,2,9,12.17,18.6,68.44,1.99
2020,2,10,9.48,16.45,66.94,2.71
2020,2,11,9.9,16.75,66.56,2.68
2020,2,12,9.19,16.82,63.69,2.9
2020,2,13,8.75,17.6,59.06,2.29
2020,2,14,11.04,18.25,65,2.38
2020,2,15,15.37,19.15,80.25,2.75
2020,2,16,14.91,20.51,72.56,1.68
2020,2,17,13.51,20.56,66.19,1.7
2020,2,18,12.76,20.62,62.75,2.03
2020,2,19,13.24,21.39,61.62,1.57
2020,2,20,12.21,21.52,57.81,1.52
2020,2,21,12.19,21.89,58.44,1.85
2020,2,22,12.23,23.44,50.56,1.19
2020,2,23,13.61,23.33,57,1.94
2020,2,24,15.94,22.76,67.31,1.98
2020,2,25,15.97,21.72,71.94,2.2
2020,2,26,15.7,20.88,74.88,2.19
2020,2,27,14.18,20.61,70.25,1.7
2020,2,28,12.37,21.9,57.88,1.42
2020,2,29,12.85,22.72,56.31,1.51
2020,3,1,13.37,23.33,56.12,1.55
2020,3,2,13.3,23.94,54.25,1.54
2020,3,3,14.99,23.6,60.25,1.62
2020,3,4,16.16,23.33,66.31,1.8
2020,3,5,16.86,24.01,66.12,1.84
2020,3,6,17.47,23.88,69,1.78
2020,3,7,17.3,23.51,70.19,1.92
2020,3,8,18.38,23.49,74.56,2.06
2020,3,9,13.97,23.5,57.75,2.23
2020,3,10,11.75,22.51,53.5,2.55
2020,3,11,12.94,23.37,54.5,2.38
2020,3,12,15.67,26.04,55.31,2.02
2020,3,13,16.12,26.33,56.81,2.4
2020,3,14,16.61,26.37,58.56,2.71
2020,3,15,15.12,25.16,59.12,3.33
2020,3,16,14.62,25.69,53.62,3.3
2020,3,17,14.15,24.98,53.19,2.83
2020,3,18,13.51,24.94,51,2.65
2020,3,19,11.89,25.29,46.44,2.54
2020,3,20,12.99,25.3,48.94,2.15
2020,3,21,11.96,26.16,44.12,1.55
2020,3,22,14.88,24.45,57.19,1.67
2020,3,23,14.52,24.73,55.88,2.13
2020,3,24,14.42,25.8,52.06,1.57
2020,3,25,15.55,26.46,55.38,2.06
2020,3,26,15.39,27.87,48.19,1.84
2020,3,27,15.35,28.83,46.19,2.14
2020,3,28,16.98,29.45,50.19,2.95
2020,3,29,15.55,29.51,49.06,2.94
2020,3,30,10.56,29.26,33.75,2.23
2020,3,31,9.81,28.14,34.5,2.36
2020,4,1,10.95,28.58,36.31,2.42
2020,4,2,19.41,28.98,60.25,3.77
2020,4,3,20.8,28.79,64.88,3.14
2020,4,4,19.78,28.01,65.31,2.09
2020,4,5,19.4,28.07,63,2.55
2020,4,6,18.88,27.7,63.5,3
2020,4,7,18.62,28.35,61.81,4.18
2020,4,8,19.91,29.24,61.5,4.04
2020,4,9,19.74,28.61,62.06,3.01
2020,4,10,18.24,29.63,55.5,2.58
2020,4,11,19.13,29.34,57.75,2.35
2020,4,12,17.9,28.81,55.75,1.73
2020,4,13,17.76,29.27,52.69,1.93
2020,4,14,18.66,30.31,54.44,2.13
2020,4,15,20.81,29.08,62.81,1.76
2020,4,16,21.09,28.01,67.12,1.83
2020,4,17,22.8,27.62,76.75,3.48
2020,4,18,23.06,27.24,79.38,4.04
2020,4,19,22.66,28.69,73.06,3.52
2020,4,20,23.08,27.44,78.94,2.9
2020,4,21,22.49,26.51,80.06,1.69
2020,4,22,20.97,25.92,75.5,1.84
2020,4,23,21.1,26.83,71.75,1.53
2020,4,24,21.19,25.3,79.06,1.95
2020,4,25,22.27,26.45,79.56,1.35
2020,4,26,23.05,26.23,83.81,1.86
2020,4,27,21.73,26.24,77.81,1.5
2020,4,28,21.94,26.04,78.88,1.32
2020,4,29,22.1,25.57,82.25,1.52
2020,4,30,22.87,26.98,79.94,1.41
2020,5,1,22.65,26.95,78.62,1.68
2020,5,2,22.97,27.11,79.12,1.75
2020,5,3,23.66,26.4,85.88,2.26
2020,5,4,23.59,27.17,81.88,2.11
2020,5,5,24.69,28.25,82.19,2.28
2020,5,6,24.5,27.67,83.69,1.71
2020,5,7,22.3,27.92,72.75,1.02
2020,5,8,22.3,27.73,73.88,1.51
2020,5,9,23.13,28.55,73.88,1.39
2020,5,10,23.54,29.58,70.94,0.92
2020,5,11,24.19,29.26,74.69,0.97
2020,5,12,24.44,29.26,76.31,2
2020,5,13,24.83,28.22,82.81,2.84
2020,5,14,25.01,28.41,82.75,2.34
2020,5,15,25.23,28.44,83.62,2.41
2020,5,16,25.61,28.82,83.75,2.95
2020,5,17,25.58,29.47,80.56,1.73
2020,5,18,25.94,29.73,81,1.83
2020,5,19,24.71,28.51,81,2.03
2020,5,20,24.47,27.76,82.94,5.66
2020,5,21,25.38,27.66,87.56,8.74
2020,5,22,25.62,28.25,86.25,3.84
2020,5,23,25.94,28.98,84.81,3.7
2020,5,24,26.2,28.73,86.94,5.2
2020,5,25,25.75,28.53,85.5,6.55
2020,5,26,25.32,28.19,85.06,6.43
2020,5,27,25.76,27.66,89.75,5.05
2020,5,28,25.08,27.58,86.81,2.39
2020,5,29,24.89,27.69,85.5,1.93
2020,5,30,25.14,27.54,87.31,2.65
2020,5,31,25.2,27.89,85.94,1.99
2020,6,1,25.65,27.51,89.81,3.38
2020,6,2,25.9,27.49,91.25,3.56
2020,6,3,24.94,27.3,87.44,3.91
2020,6,4,25.42,27.1,90.75,3.14
2020,6,5,25.87,27.36,91.75,2.75
2020,6,6,26.51,27.64,93.62,3.48
2020,6,7,26.37,28.16,90.31,2.52
2020,6,8,26.2,28.54,87.69,2.19
2020,6,9,26.08,29.39,83.19,1.12
2020,6,10,26.62,28.4,90.19,1.98
2020,6,11,26.62,27.94,92.56,2.76
2020,6,12,26.56,27.99,92.06,3.7
2020,6,13,27.05,27.99,94.62,2.99
2020,6,14,27.06,28.86,90.38,2.65
2020,6,15,27.15,28.79,91.06,2.76
2020,6,16,26.49,28.08,91.19,3.12
2020,6,17,26.7,27.58,94.88,4.77
2020,6,18,26.37,27.65,92.75,5.77
2020,6,19,26.48,28.41,89.56,3.7
2020,6,20,26.44,28.01,91.38,3.22
2020,6,21,26.31,27.94,91.06,3.98
2020,6,22,26.24,28.2,89.44,3.6
2020,6,23,26.69,28.61,89.69,3.68
2020,6,24,26.8,28.81,89.31,3.31
2020,6,25,26.88,28.6,90.62,3.99
2020,6,26,26.87,28.02,93.38,4.45
2020,6,27,26.43,28.06,91,4.62
2020,6,28,25.62,26.82,93.06,3.84
2020,6,29,25.73,28.05,87.75,2.3
2020,6,30,26.19,28.36,88.44,3.43
2020,7,1,26.27,28.25,89.38,3.76
2020,7,2,26.78,28.42,91,2.83
2020,7,3,26.9,29.23,87.88,2.41
2020,7,4,26.42,28.76,87.88,2.95
2020,7,5,26.77,28.36,91.25,3.84
2020,7,6,26.76,28.35,91.31,2.92
2020,7,7,26.98,28.48,91.75,4.06
2020,7,8,26.73,28.55,90.19,3.65
2020,7,9,27.1,28.63,91.56,5.3
2020,7,10,27.12,28.69,91.31,5.72
2020,7,11,27.01,28.08,93.88,5.01
2020,7,12,26.67,28.28,91.12,3.72
2020,7,13,26.69,28.61,89.62,3.7
2020,7,14,26.14,27.93,90.25,3.83
2020,7,15,26.62,28.65,89.19,3.67
2020,7,16,26.31,28.5,88.38,3.01
2020,7,17,26.43,28.48,89.06,2.72
2020,7,18,26.52,28.12,91.25,3.67
2020,7,19,26.52,28.33,90.19,4.84
2020,7,20,26.51,27.56,93.94,4.71
2020,7,21,26.73,28.01,92.81,4.33
2020,7,22,26.06,27.82,90.44,3.3
2020,7,23,25.8,27.45,90.94,3.23
2020,7,24,26.54,28.02,91.81,3.3
2020,7,25,26.11,28.37,88.06,2.56
2020,7,26,26.62,29.04,87.31,2.2
2020,7,27,27.08,28.57,91.75,2.62
2020,7,28,26.58,28.47,89.94,2.95
2020,7,29,26.33,28.01,90.81,3.76
2020,7,30,26.19,28.12,89.56,2.33
2020,7,31,26.02,28.73,85.94,2.18
2020,8,1,26.51,29.52,84.69,1.46
2020,8,2,27.39,29.22,90.06,2.42
2020,8,3,27.14,30.34,83.5,1.3
2020,8,4,26.95,28.85,89.56,2.8
2020,8,5,26.75,28.98,88.25,3.98
2020,8,6,26.37,28.22,89.94,4.23
2020,8,7,26.76,28.59,90.12,3.86
2020,8,8,26.71,28.4,90.75,3.33
2020,8,9,26.63,28.19,91.44,2.69
2020,8,10,26.79,28.83,89.19,2.58
2020,8,11,26.94,28.76,90.19,3.7
2020,8,12,27.06,29.08,89.31,3.27
2020,8,13,26.43,29.3,85.06,2.35
2020,8,14,26.61,29.65,84.38,1.99
2020,8,15,26.08,27.87,90.25,5.51
2020,8,16,26.1,27.72,91,5.86
2020,8,17,26.13,27.53,92.12,5.1
2020,8,18,26.23,27.57,92.5,3.92
2020,8,19,25.94,27.19,92.88,3.93
2020,8,20,25.33,26.45,93.5,4.62
2020,8,21,25.41,26.44,94,3.72
2020,8,22,25.41,27.03,91.06,2.45
2020,8,23,25.55,27.03,91.75,2.66
2020,8,24,25.77,28.56,85.62,2.05
2020,8,25,26.26,27.48,93.06,2.45
2020,8,26,25.83,27.86,89.19,4.23
2020,8,27,25.65,26.87,93.12,2.88
2020,8,28,25.79,27.83,89.12,3.12
2020,8,29,26.15,28.19,89.12,3.27
2020,8,30,26.3,28.46,88.5,3.01
2020,8,31,26.86,28.5,90.94,2.22
2020,9,1,26.14,27.9,90.38,2.28
2020,9,2,25.54,27.67,88.62,2.3
2020,9,3,25.51,28.89,83,1.54
2020,9,4,26.25,29.27,84.44,1.61
2020,9,5,26.37,29.08,85.88,2.25
2020,9,6,26.23,28.22,89.25,3.12
2020,9,7,25.6,27.49,89.81,2.8
2020,9,8,25.93,27.94,89.12,2.55
2020,9,9,26.17,28.77,86.5,1.88
2020,9,10,26.16,28.08,89.69,2.79
2020,9,11,26.3,27.83,91.56,2.57
2020,9,12,26.36,28.34,89.44,2.45
2020,9,13,26.19,27.94,90.56,2.78
2020,9,14,26.09,27.9,90.25,2.52
2020,9,15,26.29,28.14,90,2.46
2020,9,16,26.21,27.45,92.94,3.03
2020,9,17,26.25,28.18,89.56,2.37
2020,9,18,25.97,29.44,82.44,1.12
2020,9,19,27.01,30.07,84.19,1.8
2020,9,20,27.12,30.59,82.69,2.2
2020,9,21,26.36,28.19,89.94,4.16
2020,9,22,26.51,27.39,94.81,4.31
2020,9,23,26.6,27.51,94.75,3.57
2020,9,24,26.41,27.48,93.88,4.15
2020,9,25,26.48,27.44,94.44,4.12
2020,9,26,26.42,27.46,94.06,4.13
2020,9,27,25.88,27.32,92,3.03
2020,9,28,25.93,28.45,86.75,1.36
2020,9,29,26.08,28.31,88.06,1.25
2020,9,30,25.81,28.66,85.12,1.01
2020,10,1,25.95,28.38,87.12,1.63
2020,10,2,26.2,28.24,89.12,1.8
2020,10,3,26.23,28.39,88.5,1.87
2020,10,4,26.05,27.97,89.44,1.73
2020,10,5,25.65,27.43,90.12,1.7
2020,10,6,25.08,26.63,91.31,1.8
2020,10,7,24.96,27.17,88.06,1.78
2020,10,8,24.55,28.38,80.44,1.14
2020,10,9,25.85,29.2,82.75,1.32
2020,10,10,26.3,29.13,85.25,1.34
2020,10,11,25.69,29.96,78.88,0.84
2020,10,12,25.66,29.83,78.94,0.78
2020,10,13,25.72,29.46,80.75,0.87
2020,10,14,25.98,28.38,87.19,1.23
2020,10,15,25.51,28.95,82.62,1.17
2020,10,16,25.28,29.38,79.25,0.94
2020,10,17,25.44,29.43,79.88,0.84
2020,10,18,26.05,27.48,91.94,2.1
2020,10,19,24.49,27.58,83.88,1.21
2020,10,20,24.84,27.59,85.56,1.67
2020,10,21,24.44,25.91,91.69,1.73
2020,10,22,24.19,25.19,94.06,3.25
2020,10,23,24.65,25.54,94.75,6.25
2020,10,24,25.37,26.69,92.56,4.25
2020,10,25,24.1,26.26,88.31,1.78
2020,10,26,23.62,26.56,84.56,1.48
2020,10,27,23.51,26.12,86.12,1.92
2020,10,28,22.98,26.2,83.25,1.54
2020,10,29,24.12,27.27,83.44,1.41
2020,10,30,25.12,28.03,84.62,1.61
2020,10,31,25.06,26.09,94,2.06
2020,11,1,23.84,25.86,88.94,1.92
2020,11,2,24.37,26.1,90.44,1.71
2020,11,3,24.5,26.35,90,1.91
2020,11,4,21.8,25.63,80.69,1.7
2020,11,5,17.66,23.15,73.38,1.76
2020,11,6,15.45,21.2,70.5,2.02
2020,11,7,16.63,22.4,71.12,1.27
2020,11,8,20.4,24,80.75,1.62
2020,11,9,20.84,24.35,81.75,1.58
2020,11,10,20.63,23.9,82.69,2.07
2020,11,11,21.04,23.83,85,2.25
2020,11,12,21.33,25.33,79.62,1.15
2020,11,13,21.77,25.45,81.12,1.41
2020,11,14,21.26,24.99,80.56,1.23
2020,11,15,20.75,24.13,82.31,1.13
2020,11,16,20.44,23.74,82.5,1.26
2020,11,17,19.77,23.32,81.38,1.73
2020,11,18,18.26,23.13,75.06,1.15
2020,11,19,18.16,21.63,81.12,1.84
2020,11,20,18.99,22.14,83.25,1.83
2020,11,21,19.94,22.76,84.94,1.27
2020,11,22,17.43,20.87,81.44,2.46
2020,11,23,13.87,18.39,76.06,2.08
2020,11,24,15.19,19.62,76.38,1.09
2020,11,25,17.78,20.69,84.25,1.37
2020,11,26,18.95,21.23,87.56,1.48
2020,11,27,18.58,21.19,85.69,1.73
2020,11,28,18.79,21.69,84.25,1.39
2020,11,29,18.92,21.62,85.62,1.7
2020,11,30,18.35,21.23,84.44,1.61
2020,12,1,18.46,22.06,81.12,1.35
2020,12,2,17.6,21.76,78.06,0.89
2020,12,3,17.13,21.54,76.69,0.88
2020,12,4,16.58,20.92,77,0.95
2020,12,5,16.4,20.46,78.12,1.09
2020,12,6,16.37,20.49,78.44,1.03
2020,12,7,17.01,19.4,86.75,1.52
2020,12,8,16.07,19.12,82.81,1.23
2020,12,9,15.84,19.51,79.88,0.7
2020,12,10,16.06,19.07,83.38,0.9
2020,12,11,16.1,18.6,85.88,1.33
2020,12,12,15.73,18.24,86,1.3
2020,12,13,16.08,18.81,84.75,1.49
2020,12,14,15.98,18.44,86,2.05
2020,12,15,15.51,17.64,87.88,2.27
2020,12,16,15.53,18.12,85.75,2.08
2020,12,17,15.4,17.93,86,2.01
2020,12,18,13.89,16.64,83.94,2.15
2020,12,19,11.33,14.35,82.81,2.63
2020,12,20,10.34,14.8,76,1.44
2020,12,21,12.69,16.39,80.06,1.02
2020,12,22,12.85,17.23,76.69,1.02
2020,12,23,13.15,17.33,77.75,1
2020,12,24,13.57,17.9,76.88,0.96
2020,12,25,14.77,17.48,84.88,1.56
2020,12,26,13.96,16.76,83.75,2.17
2020,12,27,11.92,16.58,75.31,1.4
2020,12,28,12.43,16.93,75.81,1.33
2020,12,29,12.88,16.25,81.25,2.13
2020,12,30,12.42,17.02,75.75,1.6
2020,12,31,13.33,17.42,78.5,1.26
2021,1,1,13.93,18.05,78.25,1.13
2021,1,2,14.1,17.95,79.44,1.3
2021,1,3,13.98,18.26,77.44,1.19
2021,1,4,14.33,18.55,77.75,1.38
2021,1,5,15.01,18.97,79.12,1.59
2021,1,6,15.86,19.87,79.25,1.61
2021,1,7,16.19,20.85,76.38,1.73
2021,1,8,15.65,19.97,77.5,2.16
2021,1,9,15.09,19.52,76.44,1.59
2021,1,10,15.97,19.76,79.75,1.39
2021,1,11,17.09,20.59,81.5,1.41
2021,1,12,15.87,18.81,83.69,2.18
2021,1,13,12.26,16.67,77.25,2.34
2021,1,14,9.9,15.63,70.25,1.98
2021,1,15,10.43,15.76,71.62,1.69
2021,1,16,11.13,16.07,73.69,1.68
2021,1,17,11.98,16.58,75.5,1.73
2021,1,18,13.19,17.21,78.88,1.56
2021,1,19,13.33,16.69,81.56,1.94
2021,1,20,15.16,17.16,88.94,2.09
2021,1,21,12.78,18.54,72.19,1.77
2021,1,22,11.2,16.4,73.5,2.2
2021,1,23,10.98,16.28,72.31,1.53
2021,1,24,11.4,17.36,69.19,1.23
2021,1,25,11.83,16.58,75.75,2.4
2021,1,26,11.05,16.36,73.38,2.67
2021,1,27,9.86,15.65,71.19,2.84
2021,1,28,9.27,16.21,66.31,1.7
2021,1,29,10.21,17.07,66.69,1.79
2021,1,30,9.58,16.25,67.12,2.55
2021,1,31,5.48,14.26,59.06,2.45
2021,2,1,6.95,14.5,63.44,2.55
2021,2,2,7.62,15.2,63.44,2.95
2021,2,3,9.61,17.22,63.81,2.24
2021,2,4,10.88,19.08,61.69,1.91
2021,2,5,10.26,20.19,55.25,1.12
2021,2,6,11.32,19.87,59.69,1.93
2021,2,7,11.73,18.35,68.06,3.06
2021,2,8,10.34,18.42,62.12,3.29
2021,2,9,10.31,18.49,62.12,2.74
2021,2,10,8.87,19.5,52.88,2.02
2021,2,11,9.27,20.54,50,1.5
2021,2,12,9.48,20.51,50.31,1.5
2021,2,13,10.35,20.3,54.69,2.05
2021,2,14,11.15,20.53,57.38,1.96
2021,2,15,10.07,21.62,49.69,1.42
2021,2,16,9.51,21.06,50.06,2.1
2021,2,17,10.49,21.4,52.19,2.8
2021,2,18,12.79,23.52,53.5,1.92
2021,2,19,14.46,23.47,59.12,1.34
2021,2,20,13.49,22.19,59.06,1.7
2021,2,21,10.46,22.2,50.12,2.29
2021,2,22,9.51,21.51,49.94,2.76
2021,2,23,9.77,22.18,48.56,2.58
2021,2,24,11.11,22.97,48.94,1.94
2021,2,25,13.99,23.45,58.25,2.04
2021,2,26,14.91,23.57,63.94,2.56
2021,2,27,16.65,23.47,69.5,2.74
2021,2,28,16.9,24.5,67.81,3.13
2021,3,1,18.26,25.17,70.06,3.11
2021,3,2,16.15,26.05,60.06,1.97
2021,3,3,14.84,25.77,52.94,1.87
2021,3,4,9.65,24.19,43.88,2.4
2021,3,5,17.67,24.33,70.5,3.81
2021,3,6,20.48,25.19,77.88,3.76
2021,3,7,18.64,25.48,69.88,2.66
2021,3,8,18.62,24.83,71,1.72
2021,3,9,19.24,25.59,71.5,3.16
2021,3,10,20.63,25.87,75.5,2.37
2021,3,11,19.13,26.65,66.94,1.91
2021,3,12,18.2,27.14,61.06,2.08
2021,3,13,17.16,26.98,58.31,2.78
2021,3,14,15.77,25.98,56.44,2.8
2021,3,15,15.51,25.99,55.19,2.32
2021,3,16,13.7,26.73,47.88,2.22
2021,3,17,10.26,27.2,37.81,2.14
2021,3,18,10.08,27.8,35,1.6
2021,3,19,12.76,27.9,40.88,1.73
2021,3,20,13.77,27.56,44.75,1.58
2021,3,21,15.16,28.84,45.88,1.97
2021,3,22,14.39,29.6,42.75,2.22
2021,3,23,13.67,29.26,42.12,2.56
2021,3,24,14.5,29.92,40.62,2.61
2021,3,25,12.94,29.59,40.25,2.56
2021,3,26,10.78,28.9,35.75,2.39
2021,3,27,10.33,28.79,34.25,2.18
2021,3,28,9.15,28.37,32.94,1.75
2021,3,29,17.86,29.01,55.25,3.3
2021,3,30,21.24,28.67,68.06,3.94
2021,3,31,23.26,28.95,74.75,6.41
2021,4,1,22.3,28.78,72.19,4.85
2021,4,2,20.29,28.4,66.12,3.83
2021,4,3,17.73,28.47,58.5,1.84
2021,4,4,16.23,28.48,51.5,1.78
2021,4,5,14.76,28.91,45.69,1.84
2021,4,6,13.35,28.96,42.56,2.23
2021,4,7,18.99,28.84,59.94,3.29
2021,4,8,20.2,29.26,63.44,3.05
2021,4,9,19.96,29.77,60.44,2.1
2021,4,10,19.63,29.46,58,2.27
2021,4,11,19.99,30.81,55.94,2.54
2021,4,12,19.73,31.9,51.69,2.91
2021,4,13,17.58,31.92,46.31,3.08
2021,4,14,17.94,31.08,49.56,2.37
2021,4,15,19.62,28.94,60.94,3
2021,4,16,18.65,28.36,59.62,2.32
2021,4,17,19.48,27.9,63.94,1.45
2021,4,18,19.98,28.05,63.88,2.59
2021,4,19,19.92,29.6,60.31,4.03
2021,4,20,19.71,29.46,61.44,3.5
2021,4,21,21.33,29.86,64,2.17
2021,4,22,20.65,30.22,60.12,2.26
2021,4,23,18.41,30.11,53.25,2.45
2021,4,24,15.18,30.19,43.62,2.43
2021,4,25,15.75,30.23,44.94,2.16
2021,4,26,18,31.77,46.94,2.02
2021,4,27,20.69,31.84,55.06,2.81
2021,4,28,21.24,31.44,57.69,2.39
2021,4,29,19.41,30.8,52.38,1.35
2021,4,30,18.69,31.76,47.88,1.43
2021,5,1,20.55,31.14,56.31,1.73
2021,5,2,20.45,30.91,56.38,2.38
2021,5,3,22.84,26.98,78.44,2.53
2021,5,4,21.62,26.3,76.12,1.41
2021,5,5,21.01,26.19,74.12,1.73
2021,5,6,19.92,28.19,63.19,1.86
2021,5,7,20.98,28.79,64.38,1.84
2021,5,8,21.5,28.54,66.94,1.48
2021,5,9,21.03,29.31,63.94,1.77
2021,5,10,22.47,28.83,70.06,2.43
2021,5,11,23.05,28.18,75,1.45
2021,5,12,22.66,27.8,74.81,1.27
2021,5,13,23.3,27.5,78.94,2.73
2021,5,14,23.53,27.68,79.38,3.05
2021,5,15,24.11,29.38,75.62,3.66
2021,5,16,24.71,29.88,75.56,2.45
2021,5,17,24.72,30.64,72.25,2.44
2021,5,18,25.78,30.33,77.94,3.19
2021,5,19,25.8,29.75,80.44,3.29
2021,5,20,26.23,29.92,81.38,2.79
2021,5,21,25.68,30.01,79.19,3.45
2021,5,22,25.6,30.53,76.75,2.98
2021,5,23,25.9,31.01,75.62,1.59
2021,5,24,25.79,29.67,80.38,2.14
2021,5,25,25.96,29.87,80.69,2.43
2021,5,26,24.53,28.47,80.56,5.14
2021,5,27,23.62,28.23,77.69,4.73
2021,5,28,24.92,29.91,76.62,2.89
2021,5,29,25.06,30.12,76.25,2.58
2021,5,30,25.45,30.13,77.31,3.22
2021,5,31,26.14,28.33,88.19,4.48
2021,6,1,26.42,28.43,89.19,3.51
2021,6,2,25.73,27.46,90.5,3
2021,6,3,26.37,28.83,87.06,3.59
2021,6,4,26.51,28.95,87.19,3.39
2021,6,5,27.03,28.37,92.5,3.22
2021,6,6,26.99,28.87,90,3.62
2021,6,7,26.7,28.44,90.5,4.4
2021,6,8,26.39,27.55,93.31,3.61
2021,6,9,25.56,27.48,89.44,2.95
2021,6,10,24.93,27.8,84.88,1.53
2021,6,11,25.51,27.27,90.31,3.2
2021,6,12,26.04,28,89.44,3.7
2021,6,13,26.31,28.97,86.38,3.41
2021,6,14,26.36,28.54,88.31,5.2
2021,6,15,26.24,28.37,88.75,4.1
2021,6,16,25.46,28.14,86.06,5.14
2021,6,17,25.33,27.58,88,4.87
2021,6,18,24.76,27.01,88,4.21
2021,6,19,24.8,27.1,87.75,3.78
2021,6,20,24.9,26.51,90.94,4.16
2021,6,21,25.39,27.53,88.62,4.17
2021,6,22,25.08,27.56,86.94,4.09
2021,6,23,25.52,27.98,87.12,3.77
2021,6,24,25.67,28.1,87.31,4.21
2021,6,25,25.27,27.85,86.5,4.05
2021,6,26,25.77,28.16,87.5,4.16
2021,6,27,25.93,28.46,86.81,4.09
2021,6,28,26.13,27.99,89.94,4.36
2021,6,29,26.55,28.25,90.69,4.73
2021,6,30,26.96,28.81,90,4.74
2021,7,1,26.14,27.93,90.25,5.44
2021,7,2,25.44,27.44,89.06,5.85
2021,7,3,26.1,27.93,90.06,5.72
2021,7,4,26.12,28.52,87.5,3.27
2021,7,5,26.19,28.53,87.69,4.49
2021,7,6,26.79,28.84,89,3.57
2021,7,7,26.75,28.55,90.25,4.2
2021,7,8,26.41,28.56,88.62,3.71
2021,7,9,26.17,28.55,87.56,3.06
2021,7,10,26.07,28.76,86,1.86
2021,7,11,26.07,29.23,83.88,1.26
2021,7,12,25.99,28.98,84.75,1.65
2021,7,13,26.15,28.04,89.81,3.15
2021,7,14,25.63,28.1,87,3.28
2021,7,15,25.97,28.58,86.25,2.09
2021,7,16,25.18,27.62,86.81,2.16
2021,7,17,26.4,28.36,89.44,2.84
2021,7,18,26.12,27.86,90.44,2.34
2021,7,19,25.94,27.45,91.44,2.56
2021,7,20,25.94,28.64,86,2.06
2021,7,21,26.13,28.39,87.88,2.17
2021,7,22,26.52,29.12,86.56,3.05
2021,7,23,26.38,27.94,91.31,4.7
2021,7,24,26.49,28.31,90.12,4.95
2021,7,25,26.5,28.28,90.38,3.78
2021,7,26,26.83,29.26,87.44,2.75
2021,7,27,27.33,29.69,87.69,2.73
2021,7,28,27.05,28.74,90.75,4.58
2021,7,29,26.2,27.89,90.69,6.8
2021,7,30,26.28,28.22,89.5,5.86
2021,7,31,26.15,27.77,91.06,4.71
2021,8,1,26.45,28.2,90.5,3.36
2021,8,2,26.16,28.05,89.88,3.54
2021,8,3,26.01,28.5,87,3.01
2021,8,4,26.3,28.88,86.62,2.78
2021,8,5,26.49,29.88,82.75,1.67
2021,8,6,26.85,28.19,92.44,6.02
2021,8,7,26.57,28.06,91.69,5.15
2021,8,8,26.89,28.8,89.81,3.86
2021,8,9,26.67,28.8,88.69,3.32
2021,8,10,27.09,28.87,90.44,3.79
2021,8,11,26.97,28.85,89.88,3.8
2021,8,12,26.06,27.59,91.44,4.84
2021,8,13,25.51,27.87,87.5,4.28
2021,8,14,26.54,28.76,88.31,3.72
2021,8,15,26.48,28.01,91.56,3.2
2021,8,16,25.87,28.13,88.12,2.42
2021,8,17,26.16,27.92,90.5,3.99
2021,8,18,26.29,27.41,93.56,4.13
2021,8,19,25.69,27.08,92.19,4.07
2021,8,20,25.73,27.58,90,3.33
2021,8,21,25.57,27.87,87.88,2.34
2021,8,22,25.55,28.15,86.31,3.4
2021,8,23,26.62,28.72,88.81,3.66
2021,8,24,26.59,28.32,90.62,3.1
2021,8,25,25.99,27.55,91.38,3.91
2021,8,26,26.08,27.88,90.25,3.53
2021,8,27,25.59,27.15,91.31,2.49
2021,8,28,25.75,27.46,90.62,2.16
2021,8,29,25.61,27.14,91.44,2.37
2021,8,30,25.29,26.92,90.94,1.8
2021,8,31,25.67,28.05,87.5,1.98
2021,9,1,25.98,27.02,94,2.49
2021,9,2,26.02,27.51,91.69,1.66
2021,9,3,25.2,28.12,84.94,1.81
2021,9,4,25.18,28.91,81.12,1.34
2021,9,5,26.29,29.27,84.75,1.64
2021,9,6,26.32,28.33,89.19,2.84
2021,9,7,25.93,27.9,89.44,2.95
2021,9,8,25.33,27.5,88.44,2.06
2021,9,9,25.52,27.57,88.94,1.67
2021,9,10,26.24,27.79,91.44,2.41
2021,9,11,26.01,27.94,89.44,1.83
2021,9,12,26.25,28.64,87.38,2.62
2021,9,13,26.44,27.87,92,3.56
2021,9,14,25.8,28.09,88,2.71
2021,9,15,26.1,28.9,85.56,1.51
2021,9,16,26.52,27.34,95.19,2.66
2021,9,17,25.45,27.67,88.38,1.76
2021,9,18,25.91,27.05,93.5,2.32
2021,9,19,25.43,27.15,90.56,1.74
2021,9,20,25.23,26.59,92.44,2.96
2021,9,21,24.52,25.97,91.88,2.3
2021,9,22,24.62,26.4,90.31,2.22
2021,9,23,24.6,27.94,83,1.42
2021,9,24,25.16,28.68,81.81,1.37
2021,9,25,25.7,28.48,85.31,1.47
2021,9,26,25.95,28.73,85.38,1.48
2021,9,27,25.92,28.76,85.25,2.27
2021,9,28,25.37,27.44,88.94,1.88
2021,9,29,25.09,26.9,90.19,1.77
2021,9,30,25,28.26,83.5,1.05
2021,10,1,23.14,27.82,77,1.51
2021,10,2,24.48,27.68,83.12,1.74
2021,10,3,25.69,27.46,90.31,3.17
2021,10,4,25.76,26.98,93.19,3.02
2021,10,5,24.92,27.44,86.62,1.44
2021,10,6,24.4,27.4,84.25,1.36
2021,10,7,24.49,28.08,81.31,1.11
2021,10,8,25.04,28.32,83.06,1.02
2021,10,9,25.01,28.66,81.12,0.88
2021,10,10,25.29,28.55,82.94,1.33
2021,10,11,25.81,28.37,86.62,1.88
2021,10,12,26.31,28.21,89.75,2.02
2021,10,13,26.26,28.28,89.06,1.53
2021,10,14,25.6,29.04,82.38,1.09
2021,10,15,26.41,29.5,83.81,1.29
2021,10,16,25.64,29.54,80.12,1.37
2021,10,17,25.63,28.11,86.81,1.85
2021,10,18,24.76,26.03,92.88,3
2021,10,19,25.15,26.13,94.31,3.06
2021,10,20,25.05,26.56,91.62,3.09
2021,10,21,23.7,25.91,88,3.49
2021,10,22,19.87,23.73,80.06,1.48
2021,10,23,19.78,24.13,77.62,1.49
2021,10,24,20.98,25.05,78.75,0.88
2021,10,25,21.04,24.73,80.81,1.12
2021,10,26,20.17,24.46,77.62,1.07
2021,10,27,21.21,24.57,82.12,1.5
2021,10,28,21.92,25.32,82,1.61
2021,10,29,22.62,25.52,84.56,2.19
2021,10,30,22.13,24.67,86.44,2.47
2021,10,31,20.66,23.33,85.62,2.55
2021,11,1,17.9,22.01,78.62,1.62
2021,11,2,16.86,21.73,75,1.54
2021,11,3,18.15,22.29,78,1.49
2021,11,4,18.73,22.83,78.81,1.16
2021,11,5,18.27,21.57,82.19,2.11
2021,11,6,16.8,20.82,79.31,2.05
2021,11,7,17.12,20.69,80.88,2.37
2021,11,8,17.98,21.03,83.81,1.84
2021,11,9,19.23,22.05,84.75,1.66
2021,11,10,19.75,22.54,84.81,1.38
2021,11,11,18.69,22.47,79.81,1.25
2021,11,12,19.87,22.93,83.5,1.71
2021,11,13,20.76,22.89,88.12,1.68
2021,11,14,20.99,22.44,91.62,1.77
2021,11,15,21.31,23.02,90.25,1.29
2021,11,16,20.69,22.55,89.69,2.02
2021,11,17,18.4,21.71,82.69,2.02
2021,11,18,15.45,21.79,68.75,1.02
2021,11,19,16.27,21.38,73.44,1.12
2021,11,20,17.86,21.42,80.75,1.44
2021,11,21,19.13,22.48,81.81,1.25
2021,11,22,19.59,22.9,82.56,1.22
2021,11,23,19.71,22.23,86.31,1.79
2021,11,24,18.33,21.11,84.69,2.2
2021,11,25,15.11,20.24,74.31,1.77
2021,11,26,13.83,18.76,74.12,1.95
2021,11,27,13.44,18.69,72.88,1.95
2021,11,28,14.24,19.4,72.75,1.78
2021,11,29,15.05,18.7,80.12,2
2021,11,30,15.57,19.89,77.06,1.56
2021,12,1,17.3,20.8,81,1.93
2021,12,2,17.59,21.5,79.75,1.72
2021,12,3,18.69,22.36,80.62,1.41
2021,12,4,19.94,22.5,85.94,1.58
2021,12,5,20.59,21.9,92.44,1.77
2021,12,6,21.02,21.81,95.19,3.34
2021,12,7,20.94,22.62,90.5,3.11
2021,12,8,19.55,21.92,86.94,1.7
2021,12,9,19.22,21.9,85.19,1.96
2021,12,10,16.81,19.76,83.5,2.05
2021,12,11,15.62,19.18,80.5,2.13
2021,12,12,12.52,17.25,74.88,2.56
2021,12,13,12.55,17.76,72.06,1.33
2021,12,14,14.69,17.9,82.06,1.86
2021,12,15,14.29,17.15,83.69,2
2021,12,16,13.69,16.86,82.69,2.15
2021,12,17,12.98,16.98,78.62,2.04
2021,12,18,12.83,17.49,75.38,1.87
2021,12,19,13.05,16.47,81.56,2.18
2021,12,20,12.26,15.14,83.69,2.23
2021,12,21,13.96,17.01,83.19,1.51
2021,12,22,14.74,17.06,86.56,1.73
2021,12,23,13.14,17.8,75.25,1.34
2021,12,24,14.05,18.11,77.88,1.34
2021,12,25,13.39,18.25,74.88,1.13
2021,12,26,12.92,17.65,75.25,1.76
2021,12,27,12.88,17.6,74.56,1.6
2021,12,28,13.62,17.55,78.62,1.82
2021,12,29,13.45,17.15,80.38,2.11
2021,12,30,13.61,17.96,77.38,2.22
2021,12,31,13.8,17.53,80.06,2.15
2022,1,1,13.07,17.29,78.06,1.51
2022,1,2,12.98,17.37,76.75,1.62
2022,1,3,13.35,17.12,80.06,1.57
2022,1,4,12.94,17.09,78.06,1.81
2022,1,5,12.35,17.51,73.44,1.42
2022,1,6,12.06,18.07,70.06,1.34
2022,1,7,12.91,18.46,71.12,1.75
2022,1,8,14.34,18.43,78.75,1.95
2022,1,9,15.27,19.05,79.44,1.45
2022,1,10,15.65,19.68,78.69,1.52
2022,1,11,16.27,19.65,81.44,2.11
2022,1,12,16.89,19.3,86.88,1.85
2022,1,13,15.9,18.37,86.31,1.87
2022,1,14,12.7,17.17,77,2.41
2022,1,15,12.15,17.79,71.31,1.98
2022,1,16,12.58,16.87,77.81,2.8
2022,1,17,12.81,17.12,77.88,2.12
2022,1,18,13.42,17.82,77.44,1.58
2022,1,19,13.12,18.09,73.81,1.73
2022,1,20,13.71,17.3,80.5,1.84
2022,1,21,11.29,17.51,68.81,1.52
2022,1,22,10.81,18.31,63.19,1.15
2022,1,23,12.62,18.12,72.38,1.88
2022,1,24,14.47,17.36,84.12,1.59
2022,1,25,14.41,18.47,78.5,2.11
2022,1,26,13.33,18.48,73.75,1.57
2022,1,27,13.64,17.19,80.38,2.17
2022,1,28,8.87,14.27,72.94,2.76
2022,1,29,8.55,14.07,71.75,2.04
2022,1,30,9.52,14.81,73.44,2.13
2022,1,31,9.19,16.1,65,1.57
2022,2,1,11.98,15.9,79.31,3.12
2022,2,2,11.52,17.61,70.69,1.93
2022,2,3,12.1,18.5,67.75,1.9
2022,2,4,13.7,19.04,73,2.23
2022,2,5,12.68,17.11,77.75,2.95
2022,2,6,9.56,15.35,70.75,1.98
2022,2,7,9.16,14.83,71.38,2.38
2022,2,8,9.33,16.1,66.38,2.12
2022,2,9,9.94,17.57,62.69,1.88
2022,2,10,12.5,18.05,71.75,2.19
2022,2,11,13.1,17.92,75.81,2.47
2022,2,12,9.18,16.74,63.5,2.2
2022,2,13,9.47,16.96,63.75,2.96
2022,2,14,9.44,17.91,60.69,1.9
2022,2,15,9.24,17.88,60.94,1.74
2022,2,16,9.74,17.83,62.44,1.91
2022,2,17,9.32,18.1,59.06,2.39
2022,2,18,8.99,18.43,56.69,2.41
2022,2,19,8.44,18.93,53.06,2.48
2022,2,20,11.65,18.78,66,2.64
2022,2,21,12.44,18.9,70.5,2.62
2022,2,22,12.07,20.23,63.31,1.84
2022,2,23,13.44,21.48,62.38,2.02
2022,2,24,15.08,22.27,65.94,1.66
2022,2,25,16,21.81,71.38,2
2022,2,26,16.07,22.51,70.25,2.3
2022,2,27,14.06,23.1,60.25,1.92
2022,2,28,15.21,23.65,60.69,2.16
2022,3,1,12.92,23.2,56.12,2.4
2022,3,2,11.3,22.26,53,2.98
2022,3,3,11.42,22.42,53.62,2.97
2022,3,4,11.12,23.29,49.56,2.27
2022,3,5,11.23,24.38,45.38,2.05
2022,3,6,12.25,23.65,51.62,3.16
2022,3,7,12.42,25.07,49.81,2.24
2022,3,8,11.81,25.81,44.31,1.49
2022,3,9,13.12,25.43,48.69,1.72
2022,3,10,11.65,24.74,48,2.46
2022,3,11,11.23,24.67,46.62,2.38
2022,3,12,10.98,24.48,46.06,2.76
2022,3,13,12.4,25.3,48.19,2.89
2022,3,14,13.3,26.09,49,2.55
2022,3,15,12.81,26.48,46.12,2.38
2022,3,16,12.75,27.26,44.25,1.63
2022,3,17,12.84,27.8,43.75,1.59
2022,3,18,13.24,28.43,40.88,1.86
2022,3,19,13.94,28.1,44.88,2.22
2022,3,20,16.31,26.85,57.44,2.8
2022,3,21,14.36,26.15,55.06,2.4
2022,3,22,16.29,27.98,52.69,2.04
2022,3,23,15.76,30.03,45,2.04
2022,3,24,19.01,28.76,59.75,5.77
2022,3,25,21.61,27.84,72.12,6.48
2022,3,26,22.46,27.97,74.94,5.59
2022,3,27,21.27,28.13,70.06,3.08
2022,3,28,20.08,27.77,66.25,2.28
2022,3,29,21.3,27.31,72.12,3.44
2022,3,30,22.12,27.12,76.19,2.97
2022,3,31,22.21,28.26,72.75,4.45
2022,4,1,22.37,28.67,71.38,5.25
2022,4,2,22.06,28.67,70.19,3.15
2022,4,3,21.4,28.33,68.81,4.83
2022,4,4,21.27,28.77,66.75,6.79
2022,4,5,21.58,28.8,68.75,4.52
2022,4,6,21.54,29.09,67.56,2.94
2022,4,7,20.21,30.26,59.19,1.91
2022,4,8,18.23,30.01,53,3.38
2022,4,9,19.4,29.94,57.31,3.57
2022,4,10,20.65,29.31,64.12,2.93
2022,4,11,22.49,29.64,69,4.55
2022,4,12,22.74,29.69,69.56,3.18
2022,4,13,22.22,30.26,66.19,4.56
2022,4,14,22.54,29.77,68.62,6.12
2022,4,15,22.7,30.6,66.62,7.27
2022,4,16,23.09,29.92,68.94,6.15
2022,4,17,22.37,29.8,67.44,5.12
2022,4,18,22.27,30,66.5,3.02
2022,4,19,22.16,30.11,65.44,3.42
2022,4,20,21.61,28.85,67.88,2.05
2022,4,21,20.67,28.28,65.19,1.23
2022,4,22,22.23,28.65,70.62,3.23
2022,4,23,23.19,29.05,73.75,3.43
2022,4,24,23.11,30.21,70,4.85
2022,4,25,22.95,30.67,68,4.35
2022,4,26,23.33,30.59,69.31,4.22
2022,4,27,23.01,30.58,67.75,4.5
2022,4,28,21.98,31.74,61.12,2.06
2022,4,29,21.73,32.14,57.81,2.68
2022,4,30,21.99,31.26,61.62,2.41
2022,5,1,20.55,31.47,55.56,1.7
2022,5,2,20.73,30.58,58.69,2.65
2022,5,3,21.28,29.46,63.5,3.28
2022,5,4,21.73,28.19,71.12,1.93
2022,5,5,22.33,28.25,71.62,1.94
2022,5,6,21.17,29.87,62.5,1.64
2022,5,7,20.99,31.12,58.31,1.21
2022,5,8,20.8,31.03,58.56,1.89
2022,5,9,22.55,29.63,69.06,2.96
2022,5,10,24.11,27.37,83.19,2.95
2022,5,11,24.76,28.14,83,4.71
2022,5,12,25.3,29.11,81.38,4.81
2022,5,13,25.88,28.65,85.69,5.62
2022,5,14,26.19,28.87,86,6.05
2022,5,15,26.38,29.22,85.44,5.18
2022,5,16,26.19,28.46,88,3.71
2022,5,17,26.3,27.93,91.06,4.31
2022,5,18,24.84,27.21,87.38,4.19
2022,5,19,26.15,28.28,88.69,4.08
2022,5,20,25.57,27.9,87.69,3.49
2022,5,21,25.85,27.44,91.25,3.39
2022,5,22,25.33,28.36,84.38,1.91
2022,5,23,25.15,28.19,84.44,2.17
2022,5,24,24.98,28.67,81.75,1.61
2022,5,25,25.48,28.38,84.94,2.23
2022,5,26,24.76,27.89,83.81,2.62
2022,5,27,25.15,28.05,85.06,3.05
2022,5,28,24.9,28.19,83.5,2.12
2022,5,29,25.37,27.82,87.06,2.38
2022,5,30,25.25,27.13,89.69,2.43
2022,5,31,24.63,27.63,84.56,2.18
2022,6,1,25.37,27.73,87.56,3.71
2022,6,2,25.32,27.99,86,3.64
2022,6,3,25.91,27.89,89.38,3.62
2022,6,4,25.46,27.79,87.81,3.38
2022,6,5,25.49,28.01,86.94,3.12
2022,6,6,25.91,28.08,88.44,3.12
2022,6,7,26.14,28.58,87.19,3.48
2022,6,8,26.27,28.22,89.5,3.5
2022,6,9,26.46,28.12,90.88,3.98
2022,6,10,24.44,27.22,85.31,2.3
2022,6,11,25.42,27.74,87.75,3.67
2022,6,12,26.2,28.21,89.25,4.31
2022,6,13,26.69,28.67,89.38,4.54
2022,6,14,26.68,28.19,91.62,4.42
2022,6,15,26.06,27.32,92.81,4.59
2022,6,16,25.56,26.69,93.5,4.82
2022,6,17,25.52,26.62,93.69,4.96
2022,6,18,25.49,26.84,92.38,5.67
2022,6,19,25.34,26.6,92.75,5.7
2022,6,20,25.62,26.76,93.44,4.68
2022,6,21,25.35,26.51,93.31,2.95
2022,6,22,24.98,27.51,86.88,2.89
2022,6,23,25.61,27.47,89.94,3.95
2022,6,24,25.65,26.98,92.44,3.84
2022,6,25,25.76,27.65,89.81,3.79
2022,6,26,25.77,27.41,90.94,3.66
2022,6,27,26.04,28.17,88.62,2.93
2022,6,28,26.05,27.94,89.75,3.52
2022,6,29,25.96,27.87,89.62,2.94
2022,6,30,25.9,27.33,92,3.06
2022,7,1,26.18,28.09,89.75,3.41
2022,7,2,26.16,27.96,90.31,2.73
2022,7,3,26.21,28.12,89.75,2.95
2022,7,4,25.9,27.72,90.12,3.11
2022,7,5,26.07,28.67,86.56,2.41
2022,7,6,25.74,27.46,90.5,2.49
2022,7,7,25.83,27.87,89,2.5
2022,7,8,25.82,27.78,89.38,2.55
2022,7,9,25.38,27.53,88.5,2.41
2022,7,10,25.94,28.28,87.75,3.26
2022,7,11,25.62,27.56,89.5,3.05
2022,7,12,26.01,28.76,85.88,2.8
2022,7,13,26.68,29.35,86.25,2.76
2022,7,14,26.81,29.33,86.94,3.09
2022,7,15,26.52,28.9,87.5,2.67
2022,7,16,26.51,29.16,86.38,2.97
2022,7,17,26.43,28.77,87.75,3.39
2022,7,18,26.23,28.52,87.94,3.26
2022,7,19,26.16,28.12,89.56,3.34
2022,7,20,26.33,28.12,90.31,3.49
2022,7,21,26.07,28.48,87.31,3.11
2022,7,22,26.26,28.86,86.62,2.93
2022,7,23,25.98,27.88,89.81,2.44
2022,7,24,25.53,27.59,88.75,3.08
2022,7,25,24.43,27.04,86.06,1.57
2022,7,26,24.67,27.98,83.19,1.4
2022,7,27,25.43,28.52,83.88,1.79
2022,7,28,25.45,28.65,83.62,1.84
2022,7,29,24.15,27.93,80.62,1.48
2022,7,30,26.23,28.68,87.06,2.7
2022,7,31,25.86,27.87,89.12,3.36
2022,8,1,26.51,28.62,88.81,2.73
2022,8,2,26.55,29.17,86.38,1.98
2022,8,3,26.1,28.12,89.06,1.59
2022,8,4,25.9,29.06,83.94,1.71
2022,8,5,26.55,28.82,88,2.16
2022,8,6,26.33,28.6,88,1.99
2022,8,7,26.58,30.14,82.19,1.37
2022,8,8,26.3,28,90.69,3.15
2022,8,9,26.01,27.9,89.81,3.98
2022,8,10,25.69,27.47,90.31,4.23
2022,8,11,25.75,28,88.06,4.29
2022,8,12,26.14,28.58,87.19,2.51
2022,8,13,25.95,27.35,92.19,3.42
2022,8,14,25.48,27.56,88.88,5.2
2022,8,15,25.79,28.07,88.06,3.21
2022,8,16,25.99,28.63,86.31,2.07
2022,8,17,26.46,29.63,83.81,1.62
2022,8,18,26.95,29.94,84.31,2.17
2022,8,19,25.85,28.41,86.56,3.4
2022,8,20,25.59,28,87.44,3.67
2022,8,21,25.69,27.98,87.94,2.05
2022,8,22,26.09,28.93,85.5,1.73
2022,8,23,26.08,28.22,88.62,2.93
2022,8,24,25.41,27.72,87.88,3.01
2022,8,25,25.08,28.3,83.62,1.68
2022,8,26,26.11,28.51,87.38,2.63
2022,8,27,25.67,27.35,90.75,3.16
2022,8,28,25.32,27.48,88.5,3.27
2022,8,29,25.34,28.11,85.69,2.29
2022,8,30,25.15,29.08,80.31,1.84
2022,8,31,25.87,28.67,85.38,2.02
2022,9,1,24.95,27.61,86,1.72
2022,9,2,25.53,27.47,89.44,2.39
2022,9,3,26.25,28.3,89,3.67
2022,9,4,26.75,28.72,89.44,3.64
2022,9,5,26.58,28.29,90.69,2.73
2022,9,6,25.86,28.37,86.62,1.31
2022,9,7,25.21,28.44,83.25,1.15
2022,9,8,26.26,29.76,81.81,1.59
2022,9,9,26.58,28.71,88.56,2.07
2022,9,10,25.44,27.27,90,2.94
2022,9,11,24.84,26.79,89.44,3.2
2022,9,12,25.3,26.52,93.12,3.71
2022,9,13,25.8,26.67,94.88,3.3
2022,9,14,25.15,27.12,89.31,2.78
2022,9,15,25.57,27.48,89.69,3.25
2022,9,16,25.87,27.84,89.38,2.27
2022,9,17,25.7,28.38,86.25,2.24
2022,9,18,26.16,28.58,87.44,1.97
2022,9,19,25.84,28.12,88,2.59
2022,9,20,25.6,27.65,89,3.43
2022,9,21,25.56,27.26,90.69,3.04
2022,9,22,25.56,27.29,90.56,2.48
2022,9,23,25.31,27.38,88.88,2.06
2022,9,24,25.26,27.15,89.69,1.8
2022,9,25,24.72,27.77,84.12,1.26
2022,9,26,25.34,27.82,87,1.98
2022,9,27,25.55,27.5,89.5,2.27
2022,9,28,23.95,26.55,86,2.09
2022,9,29,24.01,28.32,78.19,1.41
2022,9,30,24.75,29.18,78.19,1.38
2022,10,1,25.58,29.09,81.88,1.4
2022,10,2,25.94,27.21,92.69,1.25
2022,10,3,25.82,26.76,94.56,2.69
2022,10,4,25.1,27.65,86.44,1.67
2022,10,5,25.23,27.4,88.38,1.66
2022,10,6,25.31,27.39,88.88,2.11
2022,10,7,23.3,27.75,78.06,1.05
2022,10,8,24.41,27.95,81.44,1.27
2022,10,9,25.01,27.34,87.5,1.71
2022,10,10,24.99,27.2,88.19,1.92
2022,10,11,25.22,26.69,91.88,2.78
2022,10,12,24.89,26.36,91.81,2.23
2022,10,13,24.41,26.56,88.38,1.84
2022,10,14,24.02,27.27,82.88,0.88
2022,10,15,24.17,26.81,85.88,2.03
2022,10,16,23.71,26.72,84.31,1.91
2022,10,17,23.77,27.38,81.75,1.48
2022,10,18,23.78,27.37,81.62,1.27
2022,10,19,23.23,26.39,83.19,1.61
2022,10,20,23.16,26.25,83.75,2.28
2022,10,21,23.1,26.21,83.62,2.32
2022,10,22,22.98,25.99,84.06,2.59
2022,10,23,22.94,24.55,90.81,2.21
2022,10,24,22.02,22.79,95.31,5.99
2022,10,25,21.37,23.32,89,3.91
2022,10,26,20.55,24.07,81.25,1.45
2022,10,27,19.73,23.62,79.5,2.21
2022,10,28,18.65,23.87,73.38,1.29
2022,10,29,20.3,24.55,77.94,1.39
2022,10,30,22.87,25.9,83.88,1.4
2022,10,31,23.3,26.12,84.94,1.63
2022,11,1,22.17,25.3,83.5,2.05
2022,11,2,22.53,25.68,83.38,1.45
2022,11,3,21.76,24.65,84.69,1.68
2022,11,4,20.62,24.66,78.94,1.07
2022,11,5,20.94,26.1,74.06,0.75
2022,11,6,20.3,25.8,72.38,0.8
2022,11,7,19.59,24.45,75.12,1.22
2022,11,8,17.97,24.09,69.62,0.96
2022,11,9,18.98,23.44,76.94,1.22
2022,11,10,18.57,23.15,77,1.3
2022,11,11,17.83,22.51,76.31,1.58
2022,11,12,18,23.01,74,1.38
2022,11,13,17.91,21.29,81.75,2.24
2022,11,14,17.34,21.68,77,1.5
2022,11,15,17.26,21.83,76.25,1.09
2022,11,16,17.44,21.84,76.75,1.32
2022,11,17,18.13,21.77,80.56,1.71
2022,11,18,16.93,20.76,79.38,1.8
2022,11,19,16.17,20.3,77.88,2.05
2022,11,20,17.73,22.19,77.06,1.66
2022,11,21,18.09,21.55,81.56,1.88
2022,11,22,16.51,20.33,80.44,1.77
2022,11,23,17.29,20.26,84.12,1.69
2022,11,24,17.26,20.65,82.06,1.66
2022,11,25,17.49,21.44,79.12,1.4
2022,11,26,17.69,21.74,79,1.25
2022,11,27,18.1,21.78,80.44,1.3
2022,11,28,18.85,21.62,84.62,1.87
2022,11,29,19.62,23.58,79.31,1.4
2022,11,30,20.2,23.38,82.94,1.73
2022,12,1,17.51,21.4,79.69,1.75
2022,12,2,17.18,20.36,82.62,1.84
2022,12,3,16.11,20.55,76.69,1.23
2022,12,4,15.47,20.69,72.88,1.11
2022,12,5,16.02,20.25,77.94,1.58
2022,12,6,15.4,21.06,72.81,1.02
2022,12,7,15.61,20.26,76.19,1.22
2022,12,8,15.13,20.15,74.69,1.59
2022,12,9,13.91,19.87,69.62,0.98
2022,12,10,14.26,20.25,69.19,1.16
2022,12,11,14.8,19.73,74.5,1.58
2022,12,12,14.93,19.44,77,1.57
2022,12,13,14.69,19.03,77.19,1.64
2022,12,14,14.84,19.22,77.06,1.38
2022,12,15,14.03,18.69,75.94,1.62
2022,12,16,14.38,17.92,81.12,2.09
2022,12,17,14.76,18.8,78.94,1.63
2022,12,18,14.14,19.42,73.19,1.15
2022,12,19,14.07,19.87,70.12,1.24
2022,12,20,13.81,19.8,69.69,0.8
2022,12,21,14.26,19.37,73.25,1.34
2022,12,22,14.39,19.67,72.94,1.35
2022,12,23,12.4,18.57,70,2.16
2022,12,24,11.45,18.48,65.25,1.52
2022,12,25,12.19,19.6,63.31,0.9
2022,12,26,14.81,20.28,71.94,1.3
2022,12,27,16.9,20.15,82.31,1.7
2022,12,28,15.91,18.95,83.5,1.89
2022,12,29,10.94,16.48,72.94,1.93
2022,12,30,9.94,16.7,66,1.3
2022,12,31,10.5,16.83,68,1.54
2023,1,1,11.61,16.55,74.56,1.85
2023,1,2,11.54,16.81,72.94,1.99
2023,1,3,10.69,17.01,68.12,1.89
2023,1,4,10.73,16.05,72.88,1.86
2023,1,5,11.4,15.89,76.62,2.21
2023,1,6,12.05,16.61,76.69,2.17
2023,1,7,13.33,17.85,77.06,1.81
2023,1,8,13.76,18.63,75.56,1.72
2023,1,9,13.39,19.52,70.31,1.67
2023,1,10,12.73,19.52,67.38,1.77
2023,1,11,10.72,17.69,66.88,2
2023,1,12,9.77,16.36,67.69,1.86
2023,1,13,9.81,17.84,61.81,1.38
2023,1,14,12.22,18.31,69.06,1.91
2023,1,15,12.89,18.19,73.19,2.04
2023,1,16,11.62,17.04,72.69,2.43
2023,1,17,10.68,16.19,73,2.54
2023,1,18,8.89,15.3,68.81,2.49
2023,1,19,7.26,14.84,63.62,2.51
2023,1,20,7.41,15.69,60.44,1.91
2023,1,21,8.66,16.73,62.06,1.97
2023,1,22,9.6,17.53,61.81,2.34
2023,1,23,11.8,18.15,68.81,2.31
2023,1,24,12.14,19.14,67.38,2.48
2023,1,25,12.78,20.08,66.38,2.13
2023,1,26,13.78,20.61,66.81,2.14
2023,1,27,15.13,20.57,73.44,2.3
2023,1,28,15.28,20.48,74.56,2.48
2023,1,29,13.26,20.44,67.5,1.97
2023,1,30,12.85,21.13,63.25,1.99
2023,1,31,14.51,21.51,66.62,1.73
2023,2,1,13.81,21.21,65.06,2.61
2023,2,2,7.78,18.67,55.12,2.94
2023,2,3,9.53,18.88,58.19,2.23
2023,2,4,11.11,18.87,63.44,2.47
2023,2,5,9.5,19.76,53.75,1.9
2023,2,6,8.69,20.3,49.31,2.11
2023,2,7,10.6,20.29,56.19,2.56
2023,2,8,15.13,20.9,72.81,2.94
2023,2,9,14.62,21.82,66.81,1.89
2023,2,10,11.71,20.76,60.38,2.33
2023,2,11,9.47,21.76,47.5,2.05
2023,2,12,13.92,21.37,65.62,2.8
2023,2,13,5.75,19.19,49.62,2.98
2023,2,14,5.04,19.56,41.12,2.61
2023,2,15,6.19,20.36,41.56,1.9
2023,2,16,7.42,21.24,43,1.35
2023,2,17,9.99,21.3,51.12,1.92
2023,2,18,11.36,22.74,50.56,1.34
2023,2,19,11.56,23.25,49.25,1.73
2023,2,20,13.3,24.12,51.88,1.49
2023,2,21,16.4,23.79,65.19,3.17
2023,2,22,18.84,24.69,73.44,4.21
2023,2,23,18.87,24.64,73.81,4.12
2023,2,24,18.05,24.57,70.56,2.57
2023,2,25,12.57,24.23,53.19,2.71
2023,2,26,9.3,24.44,43,2.41
2023,2,27,8.37,24.43,38.44,2.26
2023,2,28,9.2,23.71,43.12,2.48
2023,3,1,10.52,23.79,46.69,2.82
2023,3,2,11.59,25.15,45.12,2.42
2023,3,3,11.32,25.46,44.62,2.8
2023,3,4,11.25,27.2,39.06,1.97
2023,3,5,12.26,26.65,43.44,2.13
2023,3,6,11.07,27.54,38.19,2.21
2023,3,7,9.5,26.92,36.38,2.33
2023,3,8,9.69,26.18,38.31,3.06
2023,3,9,11.98,26.69,42.25,3.02
2023,3,10,11.28,25.17,43.56,2.06
2023,3,11,12.06,27.17,41.38,2.3
2023,3,12,12.3,27.05,43.25,2.96
2023,3,13,11.82,27.4,41.44,2.59
2023,3,14,12.87,27.45,43.12,1.96
2023,3,15,17.76,26.84,62.06,3.33
2023,3,16,17.94,25.76,67.19,3
2023,3,17,17.67,24.87,68.12,2.53
2023,3,18,17.3,25.4,64.31,2.08
2023,3,19,18.92,23.38,77.56,2.12
2023,3,20,18.98,22.37,82.5,3.53
2023,3,21,18.87,23.67,76.69,2.62
2023,3,22,18.31,24.11,73.12,2.75
2023,3,23,18.1,24.11,72.62,3.05
2023,3,24,17.58,24.87,67.75,1.88
2023,3,25,17.67,25.66,63.56,2.08
2023,3,26,18.98,26.75,65.5,2.98
2023,3,27,19.26,27.21,65.69,2.71
2023,3,28,19.26,27.25,65,2.55
2023,3,29,20.26,26.24,71.81,2.46
2023,3,30,19.24,26.11,67.94,2.26
2023,3,31,21.41,25.55,79.5,1.75
2023,4,1,21.72,24.14,86.88,1.84
2023,4,2,19.63,24.69,75.81,2.43
2023,4,3,20.32,25.06,76.88,3.31
2023,4,4,20.92,26.3,74.81,3.67
2023,4,5,22.76,26.96,79.69,3.88
2023,4,6,20.73,27.61,69.31,1.84
2023,4,7,18.2,28.19,57.19,1.8
2023,4,8,16.05,29.35,47.81,1.06
2023,4,9,17,29.48,48.94,1.45
2023,4,10,18.23,28.89,55,2.05
2023,4,11,18.67,29.33,56.19,2.21
2023,4,12,18.34,29.54,56.25,1.88
2023,4,13,17.6,29.52,51.94,2.41
2023,4,14,20.05,30.29,59.31,2.02
2023,4,15,19.01,31.15,51.25,1.44
2023,4,16,19.64,30.75,54.44,2.55
2023,4,17,22.55,30.23,67.19,3.61
2023,4,18,23.1,30.66,68.25,2.98
2023,4,19,23.58,30.18,71.25,3.58
2023,4,20,22.97,30.29,68.88,4.16
2023,4,21,22.95,29.76,70.81,3.9
2023,4,22,21.26,29.23,66.44,2.76
2023,4,23,21.56,27.12,73.44,2.02
2023,4,24,19.53,27.62,64.75,1.7
2023,4,25,19.03,28.98,58.19,1.94
2023,4,26,18.53,29.5,54.38,1.82
2023,4,27,18.82,30.33,53.25,1.42
2023,4,28,19.1,29.25,57.25,1.83
2023,4,29,19.01,30.57,53.25,1.38
2023,4,30,19.74,29.49,57.94,1.52
2023,5,1,20.33,29.07,61.38,2.58
2023,5,2,19.49,29.51,58,1.87
2023,5,3,19.9,29.55,58.38,2.29
2023,5,4,21.58,28.84,66.56,2.09
2023,5,5,21.68,29.02,66.25,2.52
2023,5,6,21.45,30.05,62.94,1.97
2023,5,7,20.48,31.07,56.12,1.63
2023,5,8,17.78,31.64,46.19,2.83
2023,5,9,19.26,31.86,50.5,2.88
2023,5,10,21.67,32.57,57.44,3.2
2023,5,11,21.51,32.46,56.06,1.82
2023,5,12,20.89,31.55,55.56,1.25
2023,5,13,20.43,31.49,54.56,2.59
2023,5,14,19.5,29.12,58.94,5.89
2023,5,15,19.41,29.46,58.31,3.46
2023,5,16,22.52,30.19,65.94,3.98
2023,5,17,24.15,28.56,78.88,3.1
2023,5,18,24.44,27.86,82.88,3.15
2023,5,19,23.95,28.12,79.69,2.91
2023,5,20,24.15,28.73,78.31,3.8
2023,5,21,23.68,28.5,77.25,3.1
2023,5,22,24.55,28.12,82.06,2.62
2023,5,23,24.89,27.83,84.75,2.2
2023,5,24,23.87,26.8,84.81,2.38
2023,5,25,23.26,27.94,77.69,2.45
2023,5,26,24.4,28.41,80.25,2.27
2023,5,27,24.34,28.11,81.06,2.66
2023,5,28,23.7,28.92,74.62,1.19
2023,5,29,23.19,30.38,66.94,1.48
2023,5,30,23.17,31.2,64.38,1.64
2023,5,31,24.19,32.06,64.56,1.77
2023,6,1,25.65,30.19,77.56,3.05
2023,6,2,25.3,30.29,76.44,3.55
2023,6,3,25.43,30.17,77.69,2.54
2023,6,4,25.06,30.41,75.25,2.16
2023,6,5,24.29,30.96,70,1.52
2023,6,6,24.08,31.33,66.94,1.74
2023,6,7,24.61,31.76,68.12,1.98
2023,6,8,24.3,30.69,70.06,1.49
2023,6,9,25.12,28.28,83.19,2.15
2023,6,10,25.49,28.92,82.81,2.57
2023,6,11,26.08,28.95,85.38,3.55
2023,6,12,26.31,28.4,88.88,2.92
2023,6,13,26.68,29.11,87.44,3.5
2023,6,14,26.78,28.48,90.62,5.59
2023,6,15,26.67,28.19,91.5,6.75
2023,6,16,26.8,28.56,90.38,5.9
2023,6,17,26.82,28.4,91.25,5.01
2023,6,18,26.66,28.37,90.75,3.86
2023,6,19,26.58,27.68,93.75,3.47
2023,6,20,26.1,28.08,89.31,3.16
2023,6,21,26.71,28.13,92.06,3.34
2023,6,22,26.01,27.74,90.5,3.12
2023,6,23,25.92,28.23,87.81,3.61
2023,6,24,25.76,28.36,86.56,3.59
2023,6,25,25.26,27.91,86.25,3.53
2023,6,26,25.41,27.21,90.12,4.1
2023,6,27,25.8,27.82,89.12,4.9
2023,6,28,26.19,27.92,90.5,4.35
2023,6,29,26.64,28.27,91.06,3.64
2023,6,30,26.43,28.02,91.12,3.54
2023,7,1,26.79,28.95,88.56,3.01
2023,7,2,26.79,28.53,90.5,3.48
2023,7,3,27.12,29.08,89.5,3.08
2023,7,4,26.66,29.3,86.38,2.37
2023,7,5,26.71,29.26,86.81,2.46
2023,7,6,26.58,28.37,90.31,4.8
2023,7,7,26.62,27.99,92.38,3.92
2023,7,8,26.2,28.06,89.88,3.28
2023,7,9,26.47,28.83,87.62,2.58
2023,7,10,26.78,28.8,89.25,3.76
2023,7,11,26.38,28.34,89.44,4.72
2023,7,12,25.94,27.65,90.62,3.78
2023,7,13,26.39,28.06,90.88,3.41
2023,7,14,26.51,28.04,91.56,3.61
2023,7,15,26.21,28.57,87.56,4.7
2023,7,16,25.78,27.62,89.94,4.31
2023,7,17,26.01,27.9,89.56,2.58
2023,7,18,26.46,29.12,86.25,2.39
2023,7,19,26.87,29.38,87.06,2.67
2023,7,20,26.77,29.14,87.62,2.29
2023,7,21,26.22,29.67,82.75,1.6
2023,7,22,26.32,28.8,86.81,2.07
2023,7,23,26.37,28.83,86.88,1.87
2023,7,24,26.55,29.83,83.69,1.55
2023,7,25,26.35,29.39,84.56,1.7
2023,7,26,26.61,28.42,90.12,2.81
2023,7,27,26.77,28.92,88.62,3.38
2023,7,28,26.6,28.81,88.44,3.45
2023,7,29,26.8,29.19,87.56,2.85
2023,7,30,26.51,30.36,80.81,1.4
2023,7,31,26.98,31.23,78.88,1.17
2023,8,1,27.21,30.27,84.56,3.27
2023,8,2,26.63,28.62,89.38,4.84
2023,8,3,26.59,28.16,91.38,4.09
2023,8,4,26.64,28.26,91.12,4.45
2023,8,5,26.51,28.28,90.44,4.13
2023,8,6,26.15,27.9,90.44,4.98
2023,8,7,26.95,28.5,91.5,4.86
2023,8,8,26.64,27.98,92.5,3.83
2023,8,9,26.32,28.25,89.56,2.93
2023,8,10,26.45,27.98,91.56,3.13
2023,8,11,26.04,27.7,90.88,3.45
2023,8,12,25.58,26.73,93.38,4.31
2023,8,13,25.38,27.35,89.19,3.41
2023,8,14,24.33,27.66,82.44,1.61
2023,8,15,26.32,28.72,87.5,1.84
2023,8,16,27.01,29.18,88.56,2.18
2023,8,17,26.51,28.87,87.56,1.66
2023,8,18,26.59,28.78,88.5,2.69
2023,8,19,26.31,28.03,90.62,2.9
2023,8,20,26.32,28.62,87.88,2.3
2023,8,21,26.15,27.94,90.25,2.84
2023,8,22,26.08,27.32,92.94,3.52
2023,8,23,25.99,27.87,89.88,3.49
2023,8,24,26.6,28.26,90.94,3.08
2023,8,25,26.55,28.27,90.62,3.4
2023,8,26,26.5,28.31,90.19,3.88
2023,8,27,26.69,28.35,90.94,3.64
2023,8,28,26.72,28.84,88.69,3.12
2023,8,29,26,29.28,83.38,1.43
2023,8,30,25.67,29.55,80.56,1.59
2023,8,31,26.21,28.48,87.81,1.72
2023,9,1,26.43,28.91,87.06,1.72
2023,9,2,26.55,29.77,83.56,1.16
2023,9,3,26.76,28.14,92.31,2.4
2023,9,4,25.57,27.98,87.19,1.56
2023,9,5,26.43,29.54,84.12,1.9
2023,9,6,26.7,29.4,86.06,2.17
2023,9,7,26.07,28.12,89.12,2.88
2023,9,8,26.39,27.42,94.06,3.48
2023,9,9,25.98,28.77,85.56,1.84
2023,9,10,26.4,29.12,85.88,1.74
2023,9,11,25.51,29.13,82.19,1.71
2023,9,12,26.26,29.04,85.69,1.58
2023,9,13,26.05,28.82,85.56,1.88
2023,9,14,26.15,27.88,90.56,2.95
2023,9,15,25.96,28.18,88.25,2.39
2023,9,16,26.02,28.69,86.06,1.62
2023,9,17,26.62,29.89,83.31,1.45
2023,9,18,26.3,28.26,89.38,1.42
2023,9,19,25.98,27.98,89.25,2.18
2023,9,20,25.98,27.31,92.44,3.96
2023,9,21,26.12,27.15,94.12,3.05
2023,9,22,26.02,27.66,91.06,2.79
2023,9,23,25.97,27.69,90.62,2.47
2023,9,24,25.61,27.8,88.44,2.46
2023,9,25,25.99,28.24,88.12,2.05
2023,9,26,25.61,29.37,81.06,0.73
2023,9,27,25.57,28.36,85.19,1.37
2023,9,28,26.17,29.25,83.94,1.41
2023,9,29,26.83,28.63,90.06,2.04
2023,9,30,26.19,28.37,88.38,2.23
2023,10,1,26.1,28.01,89.69,1.99
2023,10,2,25.75,27.63,90,2.35
2023,10,3,25.62,27.33,90.69,3.15
2023,10,4,25.12,26.56,91.94,3.19
2023,10,5,25.61,26.51,94.75,3.49
2023,10,6,26.12,27.42,92.75,3.85
2023,10,7,25.92,27.48,91.44,3.8
2023,10,8,26.1,27.93,90.06,3.37
2023,10,9,26.17,28.01,90.12,2.63
2023,10,10,25.01,28.55,82.06,1.23
2023,10,11,24.71,27.94,83.31,1.37
2023,10,12,24.08,28.05,79.69,1.07
2023,10,13,22.94,27.61,76.56,1.13
2023,10,14,22.11,26.81,76.19,1.31
2023,10,15,22.42,26.4,79.94,1.33
2023,10,16,22.56,26.39,80.38,1.43
2023,10,17,20.81,26.79,70.81,0.92
2023,10,18,20.6,26.33,71.19,0.98
2023,10,19,21.87,25.58,80.31,1.41
2023,10,20,21.9,25.29,82.44,1.57
2023,10,21,20.91,25.41,77.19,1.42
2023,10,22,20.68,25.9,73.38,1.24
2023,10,23,22.55,25.96,82.25,1.35
2023,10,24,22.98,24.74,90.25,2.11
2023,10,25,22.84,25.69,84.94,1.87
2023,10,26,22.65,25.94,82.69,1.44
2023,10,27,21.49,25.39,79.81,1.05
2023,10,28,19.99,24.39,77.5,1.85
2023,10,29,19.38,24.52,73.69,1.29
2023,10,30,20.86,25.33,76.81,1.19
2023,10,31,21.72,25.43,80.5,1.6
2023,11,1,21.26,25.41,78.38,1.66
2023,11,2,20.82,25.19,77.25,1.33
2023,11,3,21.21,24.93,80.12,1.48
2023,11,4,20.23,25.3,74.31,1.19
2023,11,5,20.54,23.98,81.44,2.21
2023,11,6,18.8,23.42,76.19,1.63
2023,11,7,18.14,22.69,76.38,1.37
2023,11,8,18.05,22.7,75.69,1.3
2023,11,9,19.13,22.83,80.06,1.64
2023,11,10,18.84,23.24,76.94,1.45
2023,11,11,18.42,23.44,74.31,1.02
2023,11,12,18.52,23.14,75.75,1.45
2023,11,13,18.56,23.44,74.69,1.05
2023,11,14,19.41,23.72,77.88,1.09
2023,11,15,19.53,24.1,77.19,1.22
2023,11,16,21.25,23.83,85.75,1.91
2023,11,17,21.54,22.4,94.81,4.75
2023,11,18,20.74,22.7,89,2.43
2023,11,19,20.92,23.63,85.5,1.43
2023,11,20,20.52,24.23,80.88,1.08
2023,11,21,19.56,23.69,78.25,1.24
2023,11,22,18.77,22.16,82.06,1.89
2023,11,23,17.5,21.67,78,1.45
2023,11,24,17.83,22.84,74.5,0.59
2023,11,25,17.25,22.19,74.25,1.21
2023,11,26,18.2,21.95,79.75,1.49
2023,11,27,19.15,22.4,82.88,1.8
2023,11,28,18.83,23.52,76.31,1.23
2023,11,29,18.61,22.54,79.06,1.12
2023,11,30,18.51,21.73,82.19,1.9
2023,12,1,17.45,21.88,76.75,1.45
2023,12,2,17.51,22.73,72.88,0.97
2023,12,3,19.38,22.34,84.06,1.69
2023,12,4,19.76,22.24,86.12,1.92
2023,12,5,18.44,22.42,79.5,0.98
2023,12,6,19.22,21.95,84.75,1.93
2023,12,7,19.76,20.77,93.88,2.61
2023,12,8,19.69,21.12,91.81,2.07
2023,12,9,18.2,20.07,89.62,2.61
2023,12,10,15.49,18.54,82.88,2.06
2023,12,11,15.17,18.5,81.75,1.65
2023,12,12,15.08,18.83,80.31,1.16
2023,12,13,14.73,18.32,80.38,1.6
2023,12,14,11.94,16.93,73.25,1.52
2023,12,15,12.23,17.27,73.12,1.29
2023,12,16,13.31,18.21,74,0.93
2023,12,17,13,18.31,72.69,1.02
2023,12,18,13.79,18.64,74,0.81
2023,12,19,14.08,18.44,76.69,1.23
2023,12,20,13.37,18.14,74.75,1.47
2023,12,21,15.15,19.15,78.69,1.23
2023,12,22,16.68,19.93,82.44,1.37
2023,12,23,17.59,20.21,85.31,1.55
2023,12,24,16.69,20.9,78.06,1.1
2023,12,25,15.54,20.58,73.62,0.77
2023,12,26,16.05,20.02,79.19,1.42
2023,12,27,16.42,20.53,78.38,0.98
2023,12,28,15.68,20.66,74.56,0.89
2023,12,29,15.26,20.33,73.62,1.03
2023,12,30,14.84,20.66,70.31,0.89
2023,12,31,14.94,19.45,76.25,1.43
